Timestamp,Pack Voltage(V),Pack Current(A),SOC(%),MOSFET Temp(C),Highest Cell Voltage(V),Highest Cell Number,Lowest Cell Voltage(V),Lowest Cell Number,Highest Temperature(C),Highest Temp Sensor,Lowest Temperature(C),Lowest Temp Sensor,Balancing Cells,Errors
2026-05-19 02:46:45,21.9,0.0,49.6,,3.672,2,3.662,4,36,2,34,1,error,
2026-05-19 02:46:51,22.0,0.0,49.6,,3.672,2,3.662,4,36,2,34,1,error,
2026-05-19 02:46:56,22.0,0.2,49.6,,3.67,2,3.662,4,36,2,34,1,error,
2026-05-19 02:47:02,21.9,0.0,49.6,,3.672,2,3.662,4,36,2,34,1,error,
2026-05-19 02:47:45,22.0,0.0,49.6,,3.672,2,3.662,4,36,2,34,1,error,
2026-05-19 02:47:51,21.9,0.0,49.6,,3.672,2,3.662,4,36,2,34,1,error,
2026-05-19 02:47:56,22.0,0.3,49.6,,3.736,2,3.725,4,36,2,34,1,error,
2026-05-19 02:48:02,22.0,0.2,49.6,,3.672,2,3.663,4,36,2,34,1,error,
2026-05-19 02:48:55,22.0,0.0,49.6,,3.672,2,3.663,4,36,2,34,1,error,
2026-05-19 02:49:00,22.0,0.0,49.6,,3.672,2,3.663,4,36,2,34,1,error,
2026-05-19 02:49:06,22.0,0.0,49.6,,3.672,2,3.663,4,36,2,34,1,error,
2026-05-19 02:49:11,22.0,0.0,49.6,,3.672,2,3.663,4,36,2,34,1,error,
2026-05-19 02:49:16,22.0,0.0,49.6,,3.672,2,3.663,4,36,2,34,1,error,
2026-05-19 02:49:21,22.0,0.3,49.6,,3.672,2,3.663,4,36,2,34,1,error,
2026-05-19 02:49:27,22.0,0.0,49.6,,3.672,2,3.663,4,36,2,34,1,error,
2026-05-19 02:49:32,22.0,0.0,49.6,,3.672,2,3.662,4,36,2,34,1,error,
2026-05-19 02:49:38,22.0,0.0,49.6,,3.729,6,3.67,3,36,2,34,1,error,
2026-05-19 02:49:43,22.0,0.0,49.6,,3.672,2,3.663,4,36,2,34,1,error,
2026-05-19 02:49:48,22.0,0.0,49.6,,3.672,2,3.663,4,36,2,34,1,error,
2026-05-19 02:49:54,22.0,0.0,49.6,,3.673,2,3.663,4,36,2,34,1,error,
2026-05-19 02:49:59,22.0,0.3,49.6,,3.672,2,3.663,4,36,2,34,1,error,
2026-05-19 02:50:04,22.0,0.0,49.6,,3.673,2,3.663,4,36,2,34,1,error,
2026-05-19 02:50:10,22.0,0.0,49.6,,3.673,2,3.663,4,36,2,34,1,error,
2026-05-19 09:57:01,22.1,0.0,49.7,,3.7,2,3.688,4,35,2,34,1,error,
2026-05-19 09:57:06,22.1,0.0,49.7,,3.7,2,3.688,4,35,2,34,1,error,
2026-05-19 09:58:01,22.5,0.6,49.7,,3.7,2,3.688,4,36,2,34,1,error,
2026-05-19 09:58:06,22.1,0.0,49.7,,3.7,2,3.688,4,36,2,34,1,error,
2026-05-19 09:58:11,22.1,0.0,49.7,,3.755,3,3.688,4,36,2,34,1,error,
2026-05-19 09:58:17,22.1,0.0,49.7,,3.7,2,3.688,4,36,2,34,1,error,
2026-05-19 09:58:22,22.1,0.0,49.7,,3.7,2,3.688,4,36,2,34,1,error,
2026-05-19 09:58:27,22.1,0.2,49.7,,3.763,2,3.704,4,36,2,34,1,error,
2026-05-19 09:58:33,22.1,0.0,49.7,,3.7,2,3.688,4,36,2,34,1,error,
2026-05-19 09:58:38,22.1,0.0,49.7,,3.7,2,3.688,1,36,2,34,1,error,
2026-05-19 09:58:43,22.1,0.5,49.7,,3.701,2,3.691,4,36,2,34,1,error,
2026-05-19 09:58:49,22.5,0.3,49.7,,3.7,2,3.688,4,36,2,34,1,error,
2026-05-19 09:58:54,22.1,0.0,49.7,,3.7,2,3.688,4,36,2,34,1,error,
2026-05-19 09:58:59,22.1,0.3,49.7,,3.7,2,3.688,4,36,2,34,1,error,
2026-05-19 09:59:05,22.1,0.0,49.7,,3.7,2,3.688,4,36,2,34,1,error,
2026-05-19 09:59:10,22.1,0.0,49.7,,3.7,2,3.689,4,36,2,34,1,error,
2026-05-19 09:59:15,22.1,0.0,49.7,,3.761,2,3.754,4,36,2,34,1,error,
2026-05-19 09:59:21,22.1,0.0,49.7,,3.701,2,3.688,4,36,2,34,1,error,
2026-05-19 09:59:26,22.1,0.0,49.7,,3.7,2,3.688,4,36,2,34,1,error,
2026-05-19 09:59:31,22.1,0.3,49.7,,3.703,2,3.691,4,36,2,34,1,error,
2026-05-19 09:59:37,22.1,0.0,49.7,,3.7,2,3.688,1,36,2,34,1,error,
2026-05-19 09:59:42,22.1,0.0,49.7,,3.701,2,3.691,4,36,2,34,1,error,
2026-05-19 09:59:47,22.1,0.3,49.7,,3.7,2,3.689,4,36,2,34,1,error,
2026-05-19 09:59:53,22.1,0.0,49.7,,3.7,2,3.688,4,36,2,34,1,error,
2026-05-19 09:59:58,22.1,0.0,49.7,,3.701,2,3.691,4,36,2,34,1,error,
2026-05-19 10:00:03,22.1,0.0,49.7,,3.761,3,3.691,4,36,2,34,1,error,
2026-05-19 10:00:09,22.1,0.0,49.7,,3.701,2,3.691,4,36,2,34,1,error,
2026-05-19 10:00:14,22.1,0.0,49.7,,3.7,2,3.688,1,36,2,34,1,error,
2026-05-19 10:00:19,22.1,0.0,49.7,,3.701,2,3.691,4,36,2,34,1,error,
2026-05-19 10:00:24,22.1,0.0,49.7,,3.701,2,3.691,4,36,2,34,1,error,
2026-05-19 10:00:30,22.1,0.0,49.7,,3.701,2,3.691,4,36,2,34,1,error,
2026-05-19 10:00:35,22.1,0.2,49.7,,3.701,2,3.691,4,36,2,34,1,error,
2026-05-19 10:00:40,22.1,0.0,49.7,,3.701,2,3.689,4,36,2,34,1,error,
2026-05-19 10:00:46,22.1,0.0,49.7,,3.701,2,3.691,4,36,2,34,1,error,
2026-05-19 10:00:51,22.1,0.0,49.7,,3.7,2,3.691,1,36,2,34,1,error,
2026-05-19 10:00:56,22.1,0.0,49.7,,3.701,2,3.691,4,36,2,34,1,error,
2026-05-19 10:01:02,22.1,0.0,49.7,,3.701,2,3.691,4,36,2,34,1,error,
2026-05-19 10:01:07,22.5,0.0,49.7,,3.701,2,3.688,4,36,2,34,1,error,
2026-05-19 10:01:12,22.1,0.0,49.7,,3.701,2,3.689,4,36,2,34,1,error,
2026-05-19 10:01:18,22.1,0.2,49.7,,3.701,2,3.691,4,36,2,34,1,error,
2026-05-19 10:01:23,22.2,0.2,49.7,,3.701,2,3.691,4,36,2,34,1,error,
2026-05-19 10:01:28,22.1,0.0,49.7,,3.701,2,3.691,4,36,2,34,1,error,
2026-05-19 10:01:33,22.1,0.0,49.7,,3.701,2,3.691,4,36,2,34,1,error,
2026-05-19 10:01:39,22.1,0.2,49.7,,3.701,2,3.691,4,36,2,34,1,error,
2026-05-19 10:01:44,22.1,0.0,49.7,,3.701,2,3.691,4,36,2,34,1,error,
2026-05-19 10:01:49,22.1,0.0,49.7,,3.764,2,3.692,4,36,2,34,1,error,
2026-05-19 10:01:55,22.2,0.0,49.7,,3.701,2,3.691,4,36,2,34,1,error,
2026-05-19 10:02:00,22.1,0.0,49.7,,3.701,2,3.691,4,36,2,34,1,error,
2026-05-19 10:02:05,22.1,0.2,49.7,,3.703,2,3.692,4,36,2,34,1,error,
2026-05-19 10:02:11,22.3,0.2,49.7,,3.701,2,3.691,4,36,2,34,1,error,
2026-05-19 10:02:16,22.1,0.0,49.7,,3.701,2,3.691,4,36,2,34,1,error,
2026-05-19 10:02:21,22.1,0.3,49.7,,3.701,2,3.692,4,36,2,34,1,error,
2026-05-19 10:02:27,22.1,0.3,49.7,,3.701,2,3.691,4,36,2,34,1,error,
2026-05-19 10:02:32,22.1,0.0,49.7,,3.701,2,3.691,4,36,2,34,1,error,
2026-05-19 10:02:37,22.1,0.0,49.7,,3.703,2,3.692,4,36,2,34,1,error,
2026-05-19 10:02:43,22.1,0.0,49.7,,3.701,2,3.691,4,36,2,34,1,error,
2026-05-19 10:02:48,22.1,0.0,49.7,,3.701,2,3.692,4,36,2,34,1,error,
2026-05-19 10:02:53,22.1,0.2,49.7,,3.703,2,3.692,4,36,2,34,1,error,
2026-05-19 10:02:59,22.5,0.2,49.7,,3.701,2,3.691,4,36,2,34,1,error,
2026-05-19 10:03:04,22.1,0.0,49.7,,3.701,2,3.691,4,36,2,34,1,error,
2026-05-19 10:03:09,22.1,0.2,49.7,,3.703,2,3.692,4,36,2,34,1,error,
2026-05-19 10:03:15,22.1,0.2,49.7,,3.701,2,3.692,1,36,2,34,1,error,
2026-05-19 10:03:20,22.1,0.0,49.7,,3.703,2,3.692,4,36,2,34,1,error,
2026-05-19 10:03:25,22.1,0.0,49.7,,3.703,2,3.692,4,36,2,34,1,error,
2026-05-19 10:03:31,22.1,0.0,49.7,,3.703,2,3.692,4,36,2,34,1,error,
2026-05-19 10:03:36,22.1,0.0,49.7,,3.703,2,3.692,4,36,2,34,1,error,
2026-05-19 10:03:42,22.1,0.0,49.7,,3.703,2,3.692,4,36,2,34,1,error,
2026-05-19 10:03:47,22.1,0.0,49.7,,3.703,2,3.692,4,36,2,34,1,error,
2026-05-19 10:03:52,22.1,0.0,49.7,,3.703,2,3.692,4,36,2,34,1,error,
2026-05-19 10:03:57,22.1,0.2,49.7,,3.703,2,3.692,4,36,2,34,1,error,
2026-05-19 10:04:03,22.5,0.2,49.7,,3.703,2,3.691,4,36,2,34,1,error,
2026-05-19 10:04:08,22.1,0.0,49.7,,3.703,2,3.692,4,36,2,34,1,error,
2026-05-19 10:04:14,22.1,0.2,49.7,,3.703,2,3.692,4,36,2,34,1,error,
2026-05-19 10:04:19,22.1,0.2,49.7,,3.703,2,3.692,4,36,2,34,1,error,
2026-05-19 10:04:24,22.1,0.0,49.7,,3.703,2,3.692,4,36,2,34,1,error,
2026-05-19 10:04:30,22.1,0.0,49.7,,3.703,2,3.692,4,36,2,34,1,error,
2026-05-19 10:04:35,22.1,0.0,49.7,,3.703,2,3.692,4,36,2,34,1,error,
2026-05-19 10:04:40,22.1,0.0,49.7,,3.703,2,3.692,4,36,2,34,1,error,
2026-05-19 10:04:46,22.1,0.2,49.7,,3.703,2,3.692,4,36,2,34,1,error,
2026-05-19 10:04:51,22.1,0.2,49.7,,3.703,2,3.692,4,36,2,34,1,error,
2026-05-19 10:04:56,22.1,0.0,49.7,,3.703,2,3.692,4,36,2,34,1,error,
2026-05-19 10:05:02,22.1,0.0,49.7,,3.703,2,3.692,4,36,2,34,1,error,
2026-05-19 10:05:07,22.1,0.0,49.7,,3.703,2,3.692,4,36,2,34,1,error,
2026-05-19 10:05:13,22.1,0.0,49.7,,3.703,2,3.692,4,36,2,34,1,error,
2026-05-19 10:05:18,22.1,0.0,49.7,,3.703,2,3.692,4,36,2,34,1,error,
2026-05-19 10:05:23,22.1,0.0,49.7,,3.703,2,3.692,4,36,2,34,1,error,
2026-05-19 10:05:29,22.1,0.0,49.7,,3.703,2,3.692,4,36,2,34,1,error,
2026-05-19 10:05:34,22.1,0.0,49.7,,3.703,2,3.692,4,36,2,34,1,error,
2026-05-19 10:05:39,22.1,0.3,49.7,,3.754,5,3.695,1,36,2,34,1,error,
2026-05-19 10:05:44,22.1,0.0,49.7,,3.703,2,3.692,4,36,2,34,1,error,
2026-05-19 10:05:50,22.1,0.0,49.7,,3.703,2,3.694,4,36,2,34,1,error,
2026-05-19 10:05:55,22.1,0.3,49.7,,3.703,2,3.692,4,36,2,34,1,error,
2026-05-19 10:06:00,22.1,0.0,49.7,,3.703,2,3.692,4,36,2,34,1,error,
2026-05-19 10:06:06,22.1,0.3,49.7,,3.704,2,3.694,4,36,2,34,1,error,
2026-05-19 10:06:11,22.1,0.3,49.7,,3.703,2,3.692,4,36,2,34,1,error,
2026-05-19 10:06:16,22.1,0.0,49.7,,3.703,2,3.694,4,36,2,34,1,error,
2026-05-19 10:06:22,22.1,0.0,49.7,,3.704,2,3.692,4,36,2,34,1,error,
2026-05-19 10:06:27,22.1,0.3,49.7,,3.704,2,3.692,4,36,2,34,1,error,
2026-05-19 10:06:32,22.1,0.0,49.7,,3.704,2,3.692,4,36,2,34,1,error,
2026-05-19 10:06:38,22.1,0.5,49.7,,3.704,2,3.694,4,36,2,34,1,error,
2026-05-19 10:06:43,22.1,0.5,49.7,,3.704,2,3.692,4,36,2,34,1,error,
2026-05-19 10:06:48,22.1,0.0,49.7,,3.704,2,3.694,4,36,2,34,1,error,
2026-05-19 10:06:54,22.1,0.0,49.7,,3.703,2,3.692,1,36,2,34,1,error,
2026-05-19 10:06:59,22.1,0.2,49.7,,3.704,2,3.692,4,36,2,34,1,error,
2026-05-19 10:07:04,22.1,0.0,49.7,,3.703,2,3.692,4,36,2,34,1,error,
2026-05-19 10:07:10,22.1,0.0,49.7,,3.704,2,3.694,4,36,2,34,1,error,
2026-05-19 10:07:15,22.1,0.0,49.7,,3.704,2,3.694,4,36,2,34,1,error,
2026-05-19 10:07:20,22.1,0.0,49.7,,3.704,2,3.694,4,36,2,34,1,error,
2026-05-19 10:07:26,22.1,0.2,49.7,,3.704,2,3.692,1,36,2,34,1,error,
2026-05-19 10:07:31,22.1,0.3,49.7,,3.704,2,3.694,4,36,2,34,1,error,
2026-05-19 10:07:37,22.1,0.0,49.7,,3.704,2,3.694,4,36,2,34,1,error,
2026-05-19 10:07:42,22.1,0.0,49.7,,3.704,2,3.694,4,36,2,34,1,error,
2026-05-19 10:07:47,22.1,0.0,49.7,,3.704,2,3.694,4,36,2,34,1,error,
2026-05-19 10:07:52,22.1,0.0,49.7,,3.704,2,3.694,4,36,2,34,1,error,
2026-05-19 10:07:58,22.1,0.2,49.7,,3.704,2,3.694,4,36,2,34,1,error,
2026-05-19 10:08:03,22.1,0.2,49.7,,3.704,2,3.694,4,36,2,34,1,error,
2026-05-19 10:08:08,22.1,0.0,49.7,,3.704,2,3.694,4,36,2,34,1,error,
2026-05-19 10:08:14,22.1,0.6,49.8,,3.704,2,3.694,4,36,2,34,1,error,
2026-05-19 10:08:19,22.1,0.5,49.8,,3.704,2,3.694,4,36,2,34,1,error,
2026-05-19 10:08:24,22.1,0.0,49.8,,3.704,2,3.694,4,36,2,34,1,error,
2026-05-19 10:08:30,22.1,0.3,49.8,,3.704,2,3.694,4,36,2,34,1,error,
2026-05-19 10:08:35,22.4,0.3,49.8,,3.704,2,3.694,4,36,2,34,1,error,
2026-05-19 10:08:40,22.1,0.0,49.8,,3.704,2,3.694,4,36,2,34,1,error,
2026-05-19 10:08:46,22.1,0.3,49.8,,3.704,2,3.694,4,36,2,34,1,error,
2026-05-19 10:08:51,22.2,0.2,49.8,,3.704,2,3.694,4,36,2,34,1,error,
2026-05-19 10:08:56,22.1,0.0,49.8,,3.704,2,3.694,4,36,2,34,1,error,
2026-05-19 10:09:02,22.1,0.0,49.8,,3.706,2,3.694,4,36,2,34,1,error,
2026-05-19 10:09:07,22.1,0.0,49.8,,3.704,2,3.694,4,36,2,34,1,error,
2026-05-19 10:09:12,22.1,0.0,49.8,,3.706,2,3.694,4,36,2,34,1,error,
2026-05-19 10:09:18,22.1,0.2,49.8,,3.706,2,3.695,4,36,2,34,1,error,
2026-05-19 10:09:23,22.1,0.0,49.8,,3.704,2,3.694,4,36,2,34,1,error,
2026-05-19 10:09:28,22.1,0.0,49.8,,3.706,2,3.694,4,36,2,34,1,error,
2026-05-19 10:09:33,22.1,0.0,49.8,,3.711,4,3.701,1,36,2,34,1,error,
2026-05-19 10:09:39,22.1,0.0,49.8,,3.706,2,3.694,4,36,2,34,1,error,
2026-05-19 10:09:44,22.1,0.0,49.8,,3.706,2,3.695,4,36,2,34,1,error,
2026-05-19 10:09:50,22.1,0.3,49.8,,3.706,2,3.695,1,36,2,34,1,error,
2026-05-19 10:09:55,22.1,0.0,49.8,,3.706,2,3.695,4,36,2,34,1,error,
2026-05-19 10:10:00,22.1,0.0,49.8,,3.706,2,3.695,4,36,2,34,1,error,
2026-05-19 10:10:05,22.1,0.4,49.8,,3.706,2,3.694,4,36,2,34,1,error,
2026-05-19 10:10:11,22.1,0.0,49.8,,3.704,2,3.694,4,36,2,34,1,error,
2026-05-19 10:10:16,22.1,0.3,49.8,,3.706,2,3.694,4,36,2,34,1,error,
2026-05-19 10:10:21,22.2,0.3,49.8,,3.706,2,3.695,4,36,2,34,1,error,
2026-05-19 10:10:26,22.1,0.0,49.8,,3.706,2,3.695,4,36,2,34,1,error,
2026-05-19 10:10:32,22.1,0.0,49.8,,3.706,2,3.697,4,36,2,34,1,error,
2026-05-19 10:10:37,22.1,0.0,49.8,,3.706,2,3.695,4,36,2,34,1,error,
2026-05-19 10:10:42,22.2,0.0,49.8,,3.706,2,3.695,4,36,2,34,1,error,
2026-05-19 10:10:47,22.2,0.3,49.8,,3.706,2,3.695,4,36,2,34,1,error,
2026-05-19 10:10:53,22.1,0.0,49.8,,3.706,2,3.695,4,36,2,34,1,error,
2026-05-19 10:10:58,22.1,0.0,49.8,,3.706,2,3.695,4,36,2,34,1,error,
2026-05-19 10:11:03,22.2,0.0,49.8,,3.706,2,3.695,4,36,2,34,1,error,
2026-05-19 10:11:09,22.2,0.0,49.8,,3.706,2,3.695,4,36,2,34,1,error,
2026-05-19 10:11:14,22.1,0.3,49.8,,3.706,2,3.695,4,36,2,34,1,error,
2026-05-19 10:11:19,22.1,0.3,49.8,,3.706,2,3.695,4,36,2,34,1,error,
2026-05-19 10:11:24,22.2,0.0,49.8,,3.706,2,3.695,4,36,2,34,1,error,
2026-05-19 10:11:30,22.1,0.2,49.8,,3.707,2,3.697,4,36,2,34,1,error,
2026-05-19 10:11:35,22.2,0.0,49.8,,3.706,2,3.695,4,36,2,34,1,error,
2026-05-19 10:11:40,22.1,0.0,49.8,,3.706,2,3.695,4,36,2,34,1,error,
2026-05-19 10:11:46,22.2,0.3,49.8,,3.706,2,3.695,4,36,2,34,1,error,
2026-05-19 10:11:51,22.1,0.0,49.8,,3.706,2,3.695,4,36,2,34,1,error,
2026-05-19 10:11:56,22.2,0.0,49.8,,3.706,2,3.695,4,36,2,34,1,error,
2026-05-19 10:12:01,22.2,0.0,49.8,,3.706,2,3.695,4,36,2,34,1,error,
2026-05-19 10:12:07,22.2,0.0,49.8,,3.706,2,3.695,4,36,2,34,1,error,
2026-05-19 10:12:12,22.2,0.2,49.8,,3.706,2,3.695,4,36,2,34,1,error,
2026-05-19 10:12:17,22.2,0.2,49.8,,3.707,2,3.695,4,36,2,34,1,error,
2026-05-19 10:12:23,22.2,0.0,49.8,,3.706,2,3.695,4,36,2,34,1,error,
2026-05-19 10:12:28,22.2,0.0,49.8,,3.707,2,3.695,4,36,2,34,1,error,
2026-05-19 10:12:33,22.4,0.0,49.8,,3.706,2,3.695,4,36,2,34,1,error,
2026-05-19 10:12:38,22.2,0.0,49.8,,3.707,2,3.695,4,36,2,34,1,error,
2026-05-19 10:12:44,22.2,0.3,49.8,,3.706,2,3.695,4,36,2,34,1,error,
2026-05-19 10:12:49,22.2,0.0,49.8,,3.707,2,3.697,4,36,2,34,1,error,
2026-05-19 10:12:54,22.2,0.0,49.8,,3.707,2,3.695,4,36,2,34,1,error,
2026-05-19 10:12:59,22.2,0.2,49.8,,3.707,2,3.695,4,36,2,34,1,error,
2026-05-19 10:13:05,22.2,0.0,49.8,,3.707,2,3.695,4,36,2,34,1,error,
2026-05-19 10:13:10,22.2,0.6,49.8,,3.707,2,3.697,4,36,2,34,1,error,
2026-05-19 10:13:15,22.2,0.5,49.8,,3.707,2,3.697,4,36,2,34,1,error,
2026-05-19 10:13:21,22.2,0.0,49.8,,3.707,2,3.695,4,36,2,34,1,error,
2026-05-19 10:13:26,22.2,0.2,49.8,,3.708,2,3.697,4,36,2,34,1,error,
2026-05-19 10:13:31,22.5,0.0,49.8,,3.707,2,3.697,4,36,2,34,1,error,
2026-05-19 10:13:36,22.2,0.0,49.8,,3.707,2,3.697,4,36,2,34,1,error,
2026-05-19 10:13:42,22.2,0.2,49.8,,3.707,2,3.697,4,36,2,34,1,error,
2026-05-19 10:13:47,22.2,0.0,49.8,,3.707,2,3.695,4,36,2,34,1,error,
2026-05-19 10:13:52,22.2,0.0,49.8,,3.707,2,3.697,4,36,2,34,1,error,
2026-05-19 10:13:58,22.2,0.0,49.8,,3.707,2,3.695,4,36,2,34,1,error,
2026-05-19 10:14:03,22.2,0.0,49.8,,3.707,2,3.697,4,36,2,34,1,error,
2026-05-19 10:14:08,22.2,0.0,49.8,,3.707,2,3.697,4,36,2,34,1,error,
2026-05-19 10:14:14,22.2,0.3,49.8,,3.707,2,3.697,4,36,2,34,1,error,
2026-05-19 10:14:19,22.2,0.0,49.8,,3.707,2,3.697,4,36,2,34,1,error,
2026-05-19 10:14:24,22.2,0.2,49.8,,3.708,2,3.697,4,36,2,34,1,error,
2026-05-19 10:14:29,22.2,0.0,49.8,,3.707,2,3.697,4,36,2,34,1,error,
2026-05-19 10:14:35,22.2,0.0,49.8,,3.707,2,3.697,4,36,2,34,1,error,
2026-05-19 10:14:40,22.2,0.3,49.8,,3.708,2,3.697,4,36,2,34,1,error,
2026-05-19 10:14:45,22.2,0.0,49.8,,3.707,2,3.697,4,36,2,34,1,error,
2026-05-19 10:14:50,22.2,0.0,49.8,,3.707,2,3.697,4,36,2,34,1,error,
2026-05-19 10:14:55,22.2,0.2,49.8,,3.707,2,3.697,4,36,2,34,1,error,
2026-05-19 10:15:01,22.2,0.0,49.8,,3.707,2,3.697,4,36,2,34,1,error,
2026-05-19 10:15:06,22.2,0.3,49.8,,3.707,2,3.698,4,36,2,34,1,error,
2026-05-19 10:15:11,22.2,0.2,49.8,,3.707,2,3.697,4,36,2,34,1,error,
2026-05-19 10:15:17,22.2,0.0,49.8,,3.707,2,3.697,4,36,2,34,1,error,
2026-05-19 10:15:22,22.2,0.0,49.8,,3.707,2,3.698,1,36,2,34,1,error,
2026-05-19 10:15:27,22.2,0.0,49.8,,3.707,2,3.697,4,36,2,34,1,error,
2026-05-19 10:15:32,22.2,0.0,49.8,,3.707,2,3.697,4,36,2,34,1,error,
2026-05-19 10:15:38,22.2,0.5,49.8,,3.708,2,3.697,4,36,2,34,1,error,
2026-05-19 10:15:43,22.2,0.0,49.8,,3.707,2,3.697,4,36,2,34,1,error,
2026-05-19 10:15:48,22.2,0.3,49.8,,3.708,2,3.697,4,36,2,34,1,error,
2026-05-19 10:15:54,22.2,0.2,49.8,,3.707,2,3.697,4,36,2,34,1,error,
2026-05-19 10:15:59,22.2,0.0,49.8,,3.708,2,3.697,4,36,2,34,1,error,
2026-05-19 10:16:04,22.2,0.3,49.8,,3.708,2,3.698,4,36,2,34,1,error,
2026-05-19 10:16:09,22.2,0.0,49.8,,3.708,2,3.697,4,36,2,34,1,error,
2026-05-19 10:16:15,22.2,0.0,49.8,,3.708,2,3.697,4,36,2,34,1,error,
2026-05-19 10:16:20,22.2,0.0,49.8,,3.707,2,3.697,4,36,2,34,1,error,
2026-05-19 10:16:25,22.2,0.0,49.8,,3.708,2,3.697,4,36,2,34,1,error,
2026-05-19 10:16:30,22.2,0.2,49.8,,3.708,2,3.698,4,36,2,34,1,error,
2026-05-19 10:16:36,22.2,0.2,49.8,,3.708,2,3.697,4,36,2,34,1,error,
2026-05-19 10:16:41,22.2,0.0,49.8,,3.708,2,3.697,4,36,2,34,1,error,
2026-05-19 10:16:46,22.2,0.0,49.8,,3.708,2,3.698,4,36,2,34,1,error,
2026-05-19 10:16:51,22.2,0.0,49.8,,3.708,2,3.697,4,36,2,34,1,error,
2026-05-19 10:16:57,22.2,0.0,49.8,,3.708,2,3.697,1,36,2,34,1,error,
2026-05-19 10:17:02,22.2,0.3,49.8,,3.708,2,3.697,4,36,2,34,1,error,
2026-05-19 10:17:07,22.2,0.0,49.8,,3.708,2,3.698,4,36,2,34,1,error,
2026-05-19 10:17:12,22.2,0.0,49.8,,3.708,2,3.698,4,36,2,34,1,error,
2026-05-19 10:17:18,22.3,0.0,49.8,,3.708,2,3.697,4,36,2,34,1,error,
2026-05-19 10:17:23,22.2,0.0,49.8,,3.708,2,3.698,4,36,2,34,1,error,
2026-05-19 10:17:28,22.2,0.3,49.8,,3.708,2,3.698,4,36,2,34,1,error,
2026-05-19 10:17:34,22.2,0.3,49.8,,3.708,2,3.697,4,36,2,34,1,error,
2026-05-19 10:17:39,22.2,0.0,49.8,,3.708,2,3.698,4,36,2,34,1,error,
2026-05-19 10:17:44,22.2,0.0,49.8,,3.771,2,3.755,5,36,2,34,1,error,
2026-05-19 10:17:49,22.2,0.0,49.8,,3.708,2,3.698,4,36,2,34,1,error,
2026-05-19 10:17:55,22.2,0.0,49.8,,3.708,2,3.698,4,36,2,34,1,error,
2026-05-19 10:18:00,22.2,0.5,49.8,,3.708,2,3.698,4,36,2,34,1,error,
2026-05-19 10:18:05,22.2,0.0,49.8,,3.708,2,3.698,4,36,2,34,1,error,
2026-05-19 10:18:10,22.2,0.2,49.8,,3.71,2,3.698,4,36,2,34,1,error,
2026-05-19 10:18:16,22.2,0.0,49.8,,3.708,2,3.698,4,36,2,34,1,error,
2026-05-19 10:18:21,22.2,0.0,49.8,,3.708,2,3.698,4,36,2,34,1,error,
2026-05-19 10:18:27,22.2,0.0,49.8,,3.748,6,3.698,4,36,2,34,1,error,
2026-05-19 10:18:34,22.2,0.3,49.8,,3.708,2,3.698,4,36,2,34,1,error,
2026-05-19 10:18:40,22.2,0.3,49.8,,3.708,2,3.698,4,36,2,34,1,error,
2026-05-19 10:18:47,22.2,0.0,49.8,,3.708,2,3.698,4,36,2,34,1,error,
2026-05-19 10:18:54,22.2,0.0,49.8,,3.708,2,3.698,4,36,2,34,1,error,
2026-05-19 10:19:00,22.2,0.2,49.8,,3.708,2,3.698,4,36,2,34,1,error,
2026-05-19 10:19:07,22.2,0.0,49.8,,3.71,2,3.698,4,36,2,34,1,error,
2026-05-19 10:19:14,22.2,0.0,49.8,,3.71,2,3.7,4,36,2,34,1,error,
2026-05-19 10:19:21,22.2,0.0,49.8,,3.708,2,3.698,4,36,2,34,1,error,
2026-05-19 10:19:28,22.2,0.0,49.8,,3.708,2,3.698,4,36,2,34,1,error,
2026-05-19 10:19:34,22.2,0.4,49.8,,3.71,2,3.698,4,36,2,34,1,error,
2026-05-19 10:19:41,22.2,0.0,49.8,,3.71,2,3.698,4,36,2,34,1,error,
2026-05-19 10:19:47,22.2,0.0,49.8,,3.71,2,3.7,4,36,2,34,1,error,
2026-05-19 10:19:54,22.5,0.0,49.8,,3.71,2,3.7,4,36,2,34,1,error,
2026-05-19 10:19:59,22.2,0.0,49.7,,3.71,2,3.698,4,36,2,34,1,error,
2026-05-19 10:20:04,22.2,0.4,49.7,,3.71,2,3.7,4,36,2,34,1,error,
2026-05-19 10:20:10,22.2,0.0,49.7,,3.71,2,3.698,4,36,2,34,1,error,
2026-05-19 10:20:15,22.2,0.0,49.7,,3.71,2,3.7,4,36,2,34,1,error,
2026-05-19 10:20:20,22.2,0.0,49.7,,3.71,2,3.7,4,36,2,34,1,error,
2026-05-19 10:20:25,22.2,0.0,49.7,,3.71,2,3.7,4,36,2,34,1,error,
2026-05-19 10:20:31,22.2,0.3,49.7,,3.71,2,3.7,4,36,2,34,1,error,
2026-05-19 10:20:36,22.2,0.3,49.7,,3.71,2,3.698,4,36,2,34,1,error,
2026-05-19 10:20:41,22.2,0.0,49.7,,3.71,2,3.7,4,36,2,34,1,error,
2026-05-19 10:20:47,22.2,0.2,49.7,,3.71,2,3.7,4,36,2,34,1,error,
2026-05-19 10:20:52,22.4,0.0,49.7,,3.71,2,3.7,4,36,2,34,1,error,
2026-05-19 10:20:57,22.2,0.0,49.7,,3.71,2,3.7,4,36,2,34,1,error,
2026-05-19 10:21:02,22.2,0.3,49.7,,3.711,2,3.7,4,36,2,34,1,error,
2026-05-19 10:21:08,22.2,0.0,49.7,,3.71,2,3.7,4,36,2,34,1,error,
2026-05-19 10:21:13,22.2,0.0,49.7,,3.71,2,3.7,4,36,2,34,1,error,
2026-05-19 10:21:18,22.2,0.0,49.7,,3.71,2,3.7,4,36,2,34,1,error,
2026-05-19 10:21:23,22.2,0.0,49.7,,3.71,2,3.7,4,36,2,34,1,error,
2026-05-19 10:21:28,22.2,0.2,49.7,,3.766,5,3.711,3,36,2,34,1,error,
2026-05-19 10:21:34,22.2,0.0,49.7,,3.71,2,3.7,4,36,2,34,1,error,
2026-05-19 10:21:39,22.2,0.0,49.7,,3.71,2,3.7,4,36,2,34,1,error,
2026-05-19 10:21:44,22.2,0.3,49.7,,3.71,2,3.7,4,36,2,34,1,error,
2026-05-19 10:21:49,22.2,0.0,49.7,,3.71,2,3.7,4,36,2,34,1,error,
2026-05-19 10:21:55,22.2,0.3,49.7,,3.77,2,3.701,4,36,2,34,1,error,
2026-05-19 10:22:00,22.2,0.0,49.7,,3.71,2,3.7,4,36,2,34,1,error,
2026-05-19 10:22:05,22.2,0.2,49.7,,3.711,2,3.7,4,36,2,34,1,error,
2026-05-19 10:22:10,22.5,0.3,49.7,,3.711,2,3.7,4,36,2,34,1,error,
2026-05-19 10:22:15,22.2,0.0,49.7,,3.71,2,3.7,4,36,2,34,1,error,
2026-05-19 10:22:21,22.2,0.5,49.7,,3.711,2,3.701,4,36,2,34,1,error,
2026-05-19 10:22:26,22.2,0.0,49.7,,3.711,2,3.7,4,36,2,34,1,error,
2026-05-19 10:22:31,22.2,0.0,49.7,,3.711,2,3.701,4,36,2,34,1,error,
2026-05-19 10:22:36,22.2,0.0,49.7,,3.711,2,3.7,4,36,2,34,1,error,
2026-05-19 10:22:42,22.2,0.0,49.7,,3.711,2,3.7,1,36,2,34,1,error,
2026-05-19 10:22:47,22.2,0.0,49.7,,3.711,2,3.7,4,36,2,34,1,error,
2026-05-19 10:22:52,22.2,0.0,49.7,,3.71,2,3.7,4,36,2,34,1,error,
2026-05-19 10:22:57,22.2,0.0,49.7,,3.711,2,3.7,4,36,2,34,1,error,
2026-05-19 10:23:02,22.2,0.3,49.7,,3.711,2,3.7,4,36,2,34,1,error,
2026-05-19 10:23:08,22.2,0.0,49.7,,3.711,2,3.7,4,36,2,34,1,error,
2026-05-19 10:23:13,22.2,0.3,49.7,,3.711,2,3.701,4,36,2,34,1,error,
2026-05-19 10:23:18,22.2,0.2,49.7,,3.711,2,3.701,4,36,2,34,1,error,
2026-05-19 10:23:23,22.2,0.0,49.7,,3.711,2,3.7,4,36,2,34,1,error,
2026-05-19 10:23:29,22.2,0.3,49.7,,3.711,2,3.701,4,36,2,34,1,error,
2026-05-19 10:23:34,22.2,0.0,49.7,,3.711,2,3.7,4,36,2,34,1,error,
2026-05-19 10:23:39,22.2,0.0,49.7,,3.711,2,3.701,4,36,2,34,1,error,
2026-05-19 10:23:44,22.2,0.0,49.7,,3.711,2,3.701,4,36,2,34,1,error,
2026-05-19 10:23:49,22.2,0.0,49.7,,3.711,2,3.701,4,36,2,34,1,error,
2026-05-19 10:23:55,22.2,0.5,49.7,,3.713,2,3.701,4,36,2,34,1,error,
2026-05-19 10:24:00,22.2,0.0,49.7,,3.711,2,3.701,4,36,2,34,1,error,
2026-05-19 10:24:05,22.2,0.2,49.7,,3.711,2,3.701,4,36,2,34,1,error,
2026-05-19 10:24:10,22.2,0.2,49.7,,3.711,2,3.701,4,36,2,34,1,error,
2026-05-19 10:24:15,22.2,0.0,49.7,,3.711,2,3.701,4,36,2,34,1,error,
2026-05-19 10:24:21,22.2,0.3,49.7,,3.771,2,3.754,4,36,2,34,1,error,
2026-05-19 10:24:26,22.2,0.0,49.7,,3.711,2,3.7,1,36,2,34,1,error,
2026-05-19 10:24:31,22.2,0.0,49.7,,3.711,2,3.701,4,36,2,34,1,error,
2026-05-19 10:24:36,22.2,0.0,49.7,,3.711,2,3.701,4,36,2,34,1,error,
2026-05-19 10:24:42,22.2,0.0,49.7,,3.711,2,3.701,4,36,2,34,1,error,
2026-05-19 10:24:47,22.2,0.2,49.7,,3.713,2,3.701,4,36,2,34,1,error,
2026-05-19 10:24:52,22.2,0.0,49.7,,3.711,2,3.701,4,36,2,34,1,error,
2026-05-19 10:24:57,22.2,0.0,49.7,,3.711,2,3.701,4,36,2,34,1,error,
2026-05-19 10:25:03,22.2,0.0,49.7,,3.711,2,3.701,4,36,2,34,1,error,
2026-05-19 10:25:08,22.2,0.0,49.7,,3.711,2,3.7,4,36,2,34,1,error,
2026-05-19 10:25:13,22.2,0.0,49.7,,3.711,2,3.7,4,36,2,34,1,error,
2026-05-19 10:25:30,22.2,0.0,49.7,,3.711,2,3.701,4,36,2,34,1,error,
2026-05-19 10:25:34,22.2,0.0,49.7,,3.711,2,3.7,4,36,2,34,1,error,
2026-05-19 10:25:37,22.2,0.0,49.7,,3.711,2,3.701,4,36,2,34,1,error,
2026-05-19 10:25:41,22.2,0.0,49.7,,3.711,2,3.7,4,36,2,34,1,error,
2026-05-19 10:25:44,22.2,0.0,49.7,,3.711,2,3.7,4,36,2,34,1,error,
2026-05-19 10:25:48,22.2,0.0,49.7,,3.71,2,3.7,4,36,2,34,1,error,
2026-05-19 10:25:52,22.2,0.0,49.7,,3.71,2,3.7,4,36,2,34,1,error,
2026-05-19 10:25:55,22.2,0.0,49.7,,3.71,2,3.7,4,36,2,34,1,error,
2026-05-19 10:25:59,22.2,0.0,49.7,,3.71,2,3.7,1,36,2,34,1,error,
2026-05-19 10:26:02,22.2,0.0,49.7,,3.71,2,3.7,4,36,2,34,1,error,
2026-05-19 10:26:06,22.2,0.0,49.7,,3.71,2,3.7,4,36,2,34,1,error,
2026-05-19 10:26:09,22.2,0.0,49.7,,3.71,2,3.7,1,36,2,34,1,error,
2026-05-19 10:26:13,22.2,0.0,49.7,,3.71,2,3.7,4,36,2,34,1,error,
2026-05-19 10:26:16,22.2,0.0,49.7,,3.71,2,3.7,4,36,2,34,1,error,
2026-05-19 10:26:20,22.2,0.0,49.7,,3.71,2,3.7,4,36,2,34,1,error,
2026-05-19 10:26:23,22.2,0.0,49.7,,3.71,2,3.7,4,36,2,34,1,error,
2026-05-19 10:26:27,22.2,0.0,49.7,,3.71,2,3.7,4,36,2,34,1,error,
2026-05-19 10:26:30,22.2,0.0,49.7,,3.71,2,3.7,4,36,2,34,1,error,
2026-05-19 10:26:34,22.2,0.0,49.7,,3.71,2,3.7,4,36,2,34,1,error,
2026-05-19 10:26:37,22.2,0.0,49.7,,3.71,2,3.7,4,36,2,34,1,error,
2026-05-19 10:26:41,22.2,0.0,49.7,,3.71,2,3.7,4,36,2,34,1,error,
2026-05-19 10:26:44,22.2,0.0,49.7,,3.71,2,3.7,4,36,2,34,1,error,
2026-05-19 10:26:48,22.2,0.0,49.7,,3.71,2,3.698,4,36,2,34,1,error,
2026-05-19 10:26:51,22.2,0.0,49.7,,3.71,2,3.7,4,36,2,34,1,error,
2026-05-19 10:26:55,22.2,0.0,49.7,,3.71,2,3.7,4,36,2,34,1,error,
2026-05-19 10:26:58,22.2,0.0,49.7,,3.71,2,3.7,4,36,2,34,1,error,
2026-05-19 10:27:02,22.2,0.0,49.7,,3.71,2,3.7,4,36,2,34,1,error,
2026-05-19 10:27:06,22.2,0.0,49.7,,3.71,2,3.7,4,36,2,34,1,error,
2026-05-19 10:27:09,22.2,0.0,49.7,,3.71,2,3.698,4,36,2,34,1,error,
2026-05-19 10:27:13,22.2,0.0,49.7,,3.71,2,3.7,4,36,2,34,1,error,
2026-05-19 10:27:16,22.2,0.0,49.7,,3.71,2,3.7,4,36,2,34,1,error,
2026-05-19 10:27:20,22.2,0.0,49.7,,3.71,2,3.698,4,36,2,34,1,error,
2026-05-19 10:27:23,22.2,0.0,49.7,,3.71,2,3.698,4,36,2,34,1,error,
2026-05-19 10:27:27,22.2,0.0,49.7,,3.71,2,3.7,4,36,2,34,1,error,
2026-05-19 10:27:30,22.2,0.0,49.7,,3.71,2,3.7,4,36,2,34,1,error,
2026-05-19 10:27:34,22.2,0.0,49.7,,3.71,2,3.698,4,36,2,34,1,error,
2026-05-19 10:27:37,22.2,0.0,49.7,,3.71,2,3.7,4,36,2,34,1,error,
2026-05-19 10:27:41,22.2,0.0,49.7,,3.71,2,3.698,4,36,2,34,1,error,
2026-05-19 10:27:44,22.2,0.0,49.7,,3.71,2,3.7,4,36,2,34,1,error,
2026-05-19 10:27:48,22.2,0.0,49.7,,3.71,2,3.7,4,36,2,34,1,error,
2026-05-19 10:27:51,22.2,0.0,49.7,,3.71,2,3.698,4,36,2,34,1,error,
2026-05-19 10:27:55,22.2,0.0,49.7,,3.71,2,3.7,4,36,2,34,1,error,
2026-05-19 10:27:58,22.2,0.0,49.7,,3.71,2,3.7,4,36,2,34,1,error,
2026-05-19 10:28:02,22.2,0.0,49.7,,3.71,2,3.698,4,36,2,34,1,error,
2026-05-19 10:28:05,22.2,0.0,49.7,,3.71,2,3.7,4,36,2,34,1,error,
2026-05-19 10:28:09,22.2,0.0,49.7,,3.71,2,3.698,4,36,2,34,1,error,
2026-05-19 10:28:12,22.2,0.0,49.7,,3.708,2,3.7,4,36,2,34,1,error,
2026-05-19 10:28:16,22.2,0.0,49.7,,3.71,2,3.7,4,36,2,34,1,error,
2026-05-19 10:28:19,22.2,0.0,49.7,,3.71,2,3.7,4,36,2,34,1,error,
2026-05-19 10:28:23,22.2,0.0,49.7,,3.71,2,3.698,4,36,2,34,1,error,
2026-05-19 10:28:26,22.2,0.0,49.7,,3.71,2,3.7,4,36,2,34,1,error,
2026-05-19 10:28:30,22.2,0.0,49.7,,3.71,2,3.698,4,36,2,34,1,error,
2026-05-19 10:28:33,22.2,0.0,49.7,,3.71,2,3.698,4,36,2,34,1,error,
2026-05-19 10:28:37,22.2,0.0,49.7,,3.71,2,3.698,1,36,2,34,1,error,
2026-05-19 10:28:40,22.2,0.0,49.7,,3.71,2,3.7,4,36,2,34,1,error,
2026-05-19 10:28:44,22.2,0.0,49.7,,3.71,2,3.698,4,36,2,34,1,error,
2026-05-19 10:28:47,22.2,0.0,49.7,,3.71,2,3.698,4,36,2,34,1,error,
2026-05-19 10:28:51,22.2,0.0,49.7,,3.71,2,3.7,4,36,2,34,1,error,
2026-05-19 10:28:54,22.2,0.0,49.7,,3.71,2,3.698,4,36,2,34,1,error,
2026-05-19 10:28:58,22.2,0.0,49.7,,3.708,2,3.698,4,36,2,34,1,error,
2026-05-19 10:29:02,22.2,0.0,49.7,,3.708,2,3.698,4,36,2,34,1,error,
2026-05-19 10:29:05,22.2,0.0,49.7,,3.71,2,3.698,4,36,2,34,1,error,
2026-05-19 10:29:09,22.2,0.0,49.7,,3.708,2,3.698,4,36,2,34,1,error,
2026-05-19 10:29:12,22.2,0.0,49.7,,3.708,2,3.698,4,36,2,34,1,error,
2026-05-19 10:29:16,22.2,0.0,49.7,,3.708,2,3.698,4,36,2,34,1,error,
2026-05-19 10:29:19,22.2,0.0,49.7,,3.71,2,3.698,4,36,2,34,1,error,
2026-05-19 10:29:23,22.2,0.0,49.7,,3.708,2,3.698,4,36,2,34,1,error,
2026-05-19 10:29:26,22.2,0.0,49.7,,3.708,2,3.698,4,36,2,34,1,error,
2026-05-19 10:29:30,22.2,0.0,49.7,,3.708,2,3.698,1,36,2,34,1,error,
2026-05-19 10:29:33,22.2,0.0,49.7,,3.71,2,3.698,4,36,2,34,1,error,
2026-05-19 10:29:37,22.2,0.0,49.7,,3.71,2,3.698,4,36,2,34,1,error,
2026-05-19 10:29:40,22.2,0.0,49.7,,3.708,2,3.698,4,36,2,34,1,error,
2026-05-19 10:29:44,22.2,0.0,49.7,,3.708,2,3.698,4,36,2,34,1,error,
2026-05-19 10:29:47,22.2,0.0,49.7,,3.708,2,3.698,4,36,2,34,1,error,
2026-05-19 10:29:51,22.2,0.0,49.7,,3.708,2,3.698,4,36,2,34,1,error,
2026-05-19 10:29:54,22.2,0.0,49.7,,3.708,2,3.698,4,36,2,34,1,error,
2026-05-19 10:29:58,22.2,0.0,49.7,,3.708,2,3.698,4,36,2,34,1,error,
2026-05-19 10:30:01,22.2,0.0,49.7,,3.708,2,3.698,4,36,2,34,1,error,
2026-05-19 10:30:05,22.2,0.0,49.7,,3.708,2,3.698,4,36,2,34,1,error,
2026-05-19 10:30:08,22.2,0.0,49.7,,3.708,2,3.698,4,36,2,34,1,error,
2026-05-19 10:30:12,22.2,0.0,49.7,,3.708,2,3.698,4,36,2,34,1,error,
2026-05-19 10:30:15,22.2,0.0,49.7,,3.708,2,3.698,4,36,2,34,1,error,
2026-05-19 10:30:19,22.2,0.0,49.7,,3.708,2,3.698,4,36,2,34,1,error,
2026-05-19 10:30:22,22.2,0.0,49.7,,3.708,2,3.698,4,36,2,34,1,error,
2026-05-19 10:30:26,22.2,0.0,49.7,,3.708,2,3.698,4,36,2,34,1,error,
2026-05-19 10:30:29,22.2,0.0,49.7,,3.708,2,3.698,4,36,2,34,1,error,
2026-05-19 10:30:33,22.2,0.0,49.7,,3.708,2,3.698,4,36,2,34,1,error,
2026-05-19 10:30:36,22.2,0.0,49.7,,3.708,2,3.698,4,36,2,34,1,error,
2026-05-19 10:30:40,22.2,0.0,49.7,,3.708,2,3.698,4,36,2,34,1,error,
2026-05-19 10:30:43,22.2,0.0,49.7,,3.708,2,3.698,4,36,2,34,1,error,
2026-05-19 10:30:47,22.2,0.0,49.7,,3.708,2,3.698,4,36,2,34,1,error,
2026-05-19 10:30:51,22.2,0.0,49.7,,3.708,2,3.698,4,36,2,34,1,error,
2026-05-19 10:30:54,22.2,0.0,49.7,,3.708,2,3.698,4,36,2,34,1,error,
2026-05-19 10:30:57,22.2,0.0,49.7,,3.708,2,3.698,4,36,2,34,1,error,
2026-05-19 10:31:01,22.2,0.0,49.7,,3.708,2,3.698,4,36,2,34,1,error,
2026-05-19 10:31:05,22.2,0.0,49.7,,3.708,2,3.698,4,36,2,34,1,error,
2026-05-19 10:31:08,22.2,0.0,49.7,,3.708,2,3.698,4,36,2,34,1,error,
2026-05-19 10:31:12,22.2,0.0,49.7,,3.708,2,3.698,4,36,2,34,1,error,
2026-05-19 10:31:15,22.2,0.0,49.7,,3.708,2,3.697,1,36,2,34,1,error,
2026-05-19 10:31:19,22.2,0.0,49.7,,3.708,2,3.698,4,36,2,34,1,error,
2026-05-19 10:31:22,22.2,0.0,49.7,,3.708,2,3.698,4,36,2,34,1,error,
2026-05-19 10:31:26,22.2,0.0,49.7,,3.708,2,3.698,4,36,2,34,1,error,
2026-05-19 10:31:29,22.2,0.0,49.7,,3.708,2,3.697,4,36,2,34,1,error,
2026-05-19 10:31:33,22.2,0.0,49.7,,3.708,2,3.698,4,36,2,34,1,error,
2026-05-19 10:31:36,22.2,0.0,49.7,,3.708,2,3.697,4,36,2,34,1,error,
2026-05-19 10:31:40,22.2,0.0,49.7,,3.708,2,3.698,4,36,2,34,1,error,
2026-05-19 10:31:43,22.2,0.0,49.7,,3.708,2,3.698,4,36,2,34,1,error,
2026-05-19 10:31:47,22.2,0.0,49.7,,3.708,2,3.698,4,36,2,34,1,error,
2026-05-19 10:31:50,22.2,0.0,49.7,,3.708,2,3.698,4,36,2,34,1,error,
2026-05-19 10:31:54,22.2,0.0,49.7,,3.708,2,3.698,4,36,2,34,1,error,
2026-05-19 10:31:58,22.2,0.0,49.7,,3.708,2,3.698,4,36,2,34,1,error,
2026-05-19 10:32:01,22.2,0.0,49.7,,3.708,2,3.697,4,36,2,34,1,error,
2026-05-19 10:32:05,22.2,0.0,49.7,,3.708,2,3.698,4,36,2,34,1,error,
2026-05-19 10:32:08,22.2,0.0,49.7,,3.708,2,3.698,4,36,2,34,1,error,
2026-05-19 10:32:12,22.2,0.0,49.7,,3.708,2,3.698,4,36,2,34,1,error,
2026-05-19 10:32:15,22.2,0.0,49.7,,3.708,2,3.698,4,36,2,34,1,error,
2026-05-19 10:32:19,22.2,0.0,49.7,,3.708,2,3.698,4,36,2,34,1,error,
2026-05-19 10:32:22,22.2,0.0,49.7,,3.708,2,3.697,4,36,2,34,1,error,
2026-05-19 10:32:26,22.2,0.0,49.7,,3.708,2,3.698,4,36,2,34,1,error,
2026-05-19 10:32:29,22.2,0.0,49.7,,3.708,2,3.697,4,36,2,34,1,error,
2026-05-19 10:32:33,22.2,0.0,49.7,,3.708,2,3.698,4,36,2,34,1,error,
2026-05-19 10:32:36,22.2,0.0,49.7,,3.708,2,3.698,4,36,2,34,1,error,
2026-05-19 10:32:40,22.2,0.0,49.7,,3.708,2,3.697,4,36,2,34,1,error,
2026-05-19 10:32:43,22.2,0.0,49.7,,3.708,2,3.698,4,36,2,34,1,error,
2026-05-19 10:32:47,22.2,0.0,49.7,,3.708,2,3.698,4,36,2,34,1,error,
2026-05-19 10:32:50,22.2,0.0,49.7,,3.708,2,3.697,4,36,2,34,1,error,
2026-05-19 10:32:54,22.2,0.0,49.7,,3.708,2,3.697,4,36,2,34,1,error,
2026-05-19 10:32:57,22.2,0.0,49.7,,3.708,2,3.697,4,36,2,34,1,error,
2026-05-19 10:33:01,22.2,0.0,49.7,,3.708,2,3.697,4,36,2,34,1,error,
2026-05-19 10:33:04,22.2,0.0,49.7,,3.708,2,3.698,4,36,2,34,1,error,
2026-05-19 10:33:08,22.2,0.0,49.7,,3.708,2,3.697,4,36,2,34,1,error,
2026-05-19 10:33:11,22.2,0.0,49.7,,3.708,2,3.697,4,36,2,34,1,error,
2026-05-19 10:33:15,22.2,0.0,49.7,,3.708,2,3.697,4,36,2,34,1,error,
2026-05-19 10:33:18,22.2,0.0,49.7,,3.707,2,3.697,4,36,2,34,1,error,
2026-05-19 10:33:22,22.2,0.0,49.7,,3.708,2,3.698,4,36,2,34,1,error,
2026-05-19 10:33:25,22.2,0.0,49.7,,3.708,2,3.697,4,36,2,34,1,error,
2026-05-19 10:33:29,22.2,0.0,49.7,,3.708,2,3.697,4,36,2,34,1,error,
2026-05-19 10:33:32,22.2,0.0,49.7,,3.707,2,3.697,1,36,2,34,1,error,
2026-05-19 10:33:35,22.2,0.0,49.7,,3.708,2,3.697,4,36,2,34,1,error,
2026-05-19 10:33:39,22.2,0.0,49.7,,3.707,2,3.697,4,36,2,34,1,error,
2026-05-19 10:33:43,22.2,0.0,49.7,,3.708,2,3.697,4,36,2,34,1,error,
2026-05-19 10:33:46,22.2,0.0,49.7,,3.708,2,3.697,4,36,2,34,1,error,
2026-05-19 10:33:49,22.2,0.0,49.7,,3.707,2,3.697,4,36,2,34,1,error,
2026-05-19 10:33:53,22.2,0.0,49.7,,3.708,2,3.697,4,36,2,34,1,error,
2026-05-19 10:33:56,22.2,0.0,49.7,,3.708,2,3.697,4,36,2,34,1,error,
2026-05-19 10:34:00,22.2,0.0,49.7,,3.707,2,3.697,1,36,2,34,1,error,
2026-05-19 10:34:03,22.2,0.0,49.7,,3.707,2,3.697,4,36,2,34,1,error,
2026-05-19 10:34:07,22.2,0.0,49.7,,3.708,2,3.697,4,36,2,34,1,error,
2026-05-19 10:34:10,22.2,0.0,49.7,,3.707,2,3.697,4,36,2,34,1,error,
2026-05-19 10:34:14,22.2,0.0,49.7,,3.707,2,3.697,4,36,2,34,1,error,
2026-05-19 10:34:17,22.2,0.0,49.7,,3.707,2,3.697,4,36,2,34,1,error,
2026-05-19 10:34:21,22.2,0.0,49.7,,3.707,2,3.697,4,36,2,34,1,error,
2026-05-19 10:34:24,22.2,0.0,49.7,,3.707,2,3.697,4,36,2,34,1,error,
2026-05-19 10:34:28,22.2,0.0,49.7,,3.707,2,3.697,4,36,2,34,1,error,
2026-05-19 10:34:31,22.2,0.0,49.7,,3.707,2,3.697,4,36,2,34,1,error,
2026-05-19 10:34:35,22.2,0.0,49.7,,3.707,2,3.697,4,36,2,34,1,error,
2026-05-19 10:34:38,22.2,0.0,49.7,,3.707,2,3.697,4,36,2,34,1,error,
2026-05-19 10:34:42,22.2,0.0,49.7,,3.707,2,3.697,4,36,2,34,1,error,
2026-05-19 10:34:45,22.2,0.0,49.7,,3.707,2,3.697,4,36,2,34,1,error,
2026-05-19 10:34:49,22.2,0.0,49.7,,3.707,2,3.697,4,36,2,34,1,error,
2026-05-19 10:34:52,22.2,0.0,49.7,,3.708,2,3.697,4,36,2,34,1,error,
2026-05-19 10:34:56,22.2,0.0,49.7,,3.707,2,3.697,4,36,2,34,1,error,
2026-05-19 10:34:59,22.2,0.0,49.7,,3.707,2,3.697,4,36,2,34,1,error,
2026-05-19 10:35:03,22.2,0.0,49.7,,3.707,2,3.697,4,36,2,34,1,error,
2026-05-19 10:35:06,22.2,0.0,49.7,,3.707,2,3.697,4,36,2,34,1,error,
2026-05-19 10:35:10,22.2,0.0,49.7,,3.707,2,3.697,4,36,2,34,1,error,
2026-05-19 10:35:13,22.2,0.0,49.7,,3.707,2,3.697,4,36,2,34,1,error,
2026-05-19 10:35:17,22.2,0.0,49.7,,3.707,2,3.697,4,36,2,34,1,error,
2026-05-19 10:35:20,22.2,0.0,49.7,,3.707,2,3.697,4,36,2,34,1,error,
2026-05-19 10:35:24,22.2,0.0,49.7,,3.707,2,3.697,4,36,2,34,1,error,
2026-05-19 10:35:27,22.2,0.0,49.7,,3.707,2,3.697,4,36,2,34,1,error,
2026-05-19 10:35:30,22.2,0.0,49.7,,3.707,2,3.697,4,36,2,34,1,error,
2026-05-19 10:35:34,22.2,0.0,49.7,,3.707,2,3.697,4,36,2,34,1,error,
2026-05-19 10:35:37,22.2,0.0,49.7,,3.707,2,3.697,4,36,2,34,1,error,
2026-05-19 10:35:41,22.2,0.0,49.7,,3.707,2,3.697,4,36,2,34,1,error,
2026-05-19 10:35:44,22.2,0.0,49.7,,3.707,2,3.697,4,36,2,34,1,error,
2026-05-19 10:35:48,22.2,0.0,49.7,,3.707,2,3.697,4,36,2,34,1,error,
2026-05-19 10:35:51,22.2,0.0,49.7,,3.707,2,3.697,4,36,2,34,1,error,
2026-05-19 10:35:55,22.2,0.0,49.7,,3.707,2,3.697,4,36,2,34,1,error,
2026-05-19 10:35:58,22.2,0.0,49.7,,3.707,2,3.697,4,36,2,34,1,error,
2026-05-19 10:36:02,22.2,0.0,49.7,,3.707,2,3.697,4,36,2,34,1,error,
2026-05-19 10:36:05,22.2,0.0,49.7,,3.707,2,3.697,4,36,2,34,1,error,
2026-05-19 10:36:09,22.2,0.0,49.7,,3.707,2,3.697,4,36,2,34,1,error,
2026-05-19 10:36:12,22.2,0.0,49.7,,3.707,2,3.695,4,36,2,34,1,error,
2026-05-19 10:36:16,22.2,0.0,49.7,,3.707,2,3.697,4,36,2,34,1,error,
2026-05-19 10:36:19,22.2,0.0,49.7,,3.707,2,3.697,4,36,2,34,1,error,
2026-05-19 10:36:23,22.2,0.0,49.7,,3.707,2,3.697,4,36,2,34,1,error,
2026-05-19 10:36:26,22.2,0.0,49.7,,3.707,2,3.697,4,36,2,34,1,error,
2026-05-19 10:36:29,22.2,0.0,49.7,,3.707,2,3.697,4,36,2,34,1,error,
2026-05-19 10:36:33,22.2,0.0,49.7,,3.707,2,3.697,4,36,2,34,1,error,
2026-05-19 10:36:36,22.2,0.0,49.7,,3.707,2,3.697,4,36,2,34,1,error,
2026-05-19 10:36:40,22.2,0.0,49.7,,3.707,2,3.697,4,36,2,34,1,error,
2026-05-19 10:36:43,22.2,0.0,49.7,,3.707,2,3.697,4,36,2,34,1,error,
2026-05-19 10:36:47,22.2,0.0,49.7,,3.707,2,3.697,4,36,2,34,1,error,
2026-05-19 10:36:50,22.2,0.0,49.7,,3.707,2,3.695,4,36,2,34,1,error,
2026-05-19 10:36:54,22.2,0.0,49.7,,3.707,2,3.697,4,36,2,34,1,error,
2026-05-19 10:36:57,22.2,0.0,49.7,,3.707,2,3.697,4,36,2,34,1,error,
2026-05-19 10:37:01,22.2,0.0,49.7,,3.707,2,3.697,4,36,2,34,1,error,
2026-05-19 10:37:04,22.2,0.0,49.7,,3.707,2,3.697,4,36,2,34,1,error,
2026-05-19 10:37:07,22.2,0.0,49.7,,3.707,2,3.697,4,36,2,34,1,error,
2026-05-19 10:37:11,22.2,0.0,49.7,,3.707,2,3.697,4,36,2,34,1,error,
2026-05-19 10:37:14,22.2,0.0,49.7,,3.707,2,3.697,4,36,2,34,1,error,
2026-05-19 10:37:18,22.2,0.0,49.7,,3.707,2,3.697,4,36,2,34,1,error,
2026-05-19 10:37:21,22.2,0.0,49.7,,3.707,2,3.697,4,36,2,34,1,error,
2026-05-19 10:37:25,22.2,0.0,49.7,,3.707,2,3.697,4,36,2,34,1,error,
2026-05-19 10:37:28,22.2,0.0,49.7,,3.707,2,3.695,4,36,2,34,1,error,
2026-05-19 10:37:32,22.2,0.0,49.7,,3.707,2,3.697,4,36,2,34,1,error,
2026-05-19 10:37:35,22.2,0.0,49.7,,3.707,2,3.697,4,36,2,34,1,error,
2026-05-19 10:37:39,22.2,0.0,49.7,,3.707,2,3.697,4,36,2,34,1,error,
2026-05-19 10:37:42,22.2,0.0,49.7,,3.707,2,3.697,4,36,2,34,1,error,
2026-05-19 10:37:45,22.2,0.0,49.7,,3.707,2,3.695,4,36,2,34,1,error,
2026-05-19 10:37:49,22.2,0.0,49.7,,3.707,2,3.697,4,36,2,34,1,error,
2026-05-19 10:37:52,22.2,0.0,49.7,,3.707,2,3.697,4,36,2,34,1,error,
2026-05-19 10:37:56,22.2,0.0,49.7,,3.707,2,3.697,4,36,2,34,1,error,
2026-05-19 10:37:59,22.2,0.0,49.7,,3.707,2,3.697,4,36,2,34,1,error,
2026-05-19 10:38:03,22.2,0.0,49.7,,3.707,2,3.695,4,36,2,34,1,error,
2026-05-19 10:38:06,22.2,0.0,49.7,,3.707,2,3.697,4,36,2,34,1,error,
2026-05-19 10:38:10,22.2,0.0,49.7,,3.707,2,3.697,4,36,2,34,1,error,
2026-05-19 10:38:13,22.2,0.0,49.7,,3.707,2,3.695,4,36,2,34,1,error,
2026-05-19 10:38:17,22.2,0.0,49.7,,3.707,2,3.697,4,36,2,34,1,error,
2026-05-19 10:38:20,22.2,0.0,49.7,,3.707,2,3.697,4,36,2,34,1,error,
2026-05-19 10:38:24,22.2,0.0,49.7,,3.707,2,3.695,4,36,2,34,1,error,
2026-05-19 10:38:27,22.2,0.0,49.7,,3.707,2,3.697,4,36,2,34,1,error,
2026-05-19 10:38:31,22.2,0.0,49.7,,3.706,2,3.697,4,36,2,34,1,error,
2026-05-19 10:38:34,22.2,0.0,49.7,,3.707,2,3.695,4,36,2,34,1,error,
2026-05-19 10:38:38,22.2,0.0,49.7,,3.707,2,3.695,4,36,2,34,1,error,
2026-05-19 10:38:41,22.2,0.0,49.7,,3.707,2,3.694,4,36,2,34,1,error,
2026-05-19 10:38:45,22.2,0.0,49.7,,3.707,2,3.695,4,36,2,34,1,error,
2026-05-19 10:38:48,22.2,0.0,49.7,,3.707,2,3.697,4,36,2,34,1,error,
2026-05-19 10:38:52,22.2,0.0,49.7,,3.707,2,3.695,4,36,2,34,1,error,
2026-05-19 10:38:55,22.2,0.0,49.7,,3.707,2,3.695,4,36,2,34,1,error,
2026-05-19 10:38:58,22.2,0.0,49.7,,3.707,2,3.695,4,36,2,34,1,error,
2026-05-19 10:39:02,22.2,0.0,49.7,,3.706,2,3.695,4,36,2,34,1,error,
2026-05-19 10:39:05,22.2,0.0,49.7,,3.707,2,3.695,4,36,2,34,1,error,
2026-05-19 10:39:09,22.2,0.0,49.7,,3.706,2,3.695,4,36,2,34,1,error,
2026-05-19 10:39:12,22.2,0.0,49.7,,3.707,2,3.695,4,36,2,34,1,error,
2026-05-19 10:39:16,22.2,0.0,49.7,,3.707,2,3.695,4,36,2,34,1,error,
2026-05-19 10:39:19,22.2,0.0,49.7,,3.707,2,3.695,4,36,2,34,1,error,
2026-05-19 10:39:23,22.2,0.0,49.7,,3.707,2,3.697,4,36,2,34,1,error,
2026-05-19 10:39:26,22.2,0.0,49.7,,3.707,2,3.695,4,36,2,34,1,error,
2026-05-19 10:39:30,22.2,0.0,49.7,,3.707,2,3.695,4,36,2,34,1,error,
2026-05-19 10:39:33,22.2,0.0,49.7,,3.706,2,3.695,4,36,2,34,1,error,
2026-05-19 10:39:37,22.2,0.0,49.7,,3.707,2,3.694,4,36,2,34,1,error,
2026-05-19 10:39:40,22.2,0.0,49.7,,3.707,2,3.695,4,36,2,34,1,error,
2026-05-19 10:39:44,22.2,0.0,49.7,,3.707,2,3.695,4,36,2,34,1,error,
2026-05-19 10:39:47,22.2,0.0,49.7,,3.707,2,3.695,4,36,2,34,1,error,
2026-05-19 10:39:51,22.2,0.0,49.7,,3.707,2,3.695,4,36,2,34,1,error,
2026-05-19 10:39:54,22.2,0.0,49.7,,3.707,2,3.695,4,36,2,34,1,error,
2026-05-19 10:39:58,22.2,0.0,49.7,,3.707,2,3.695,4,36,2,34,1,error,
2026-05-19 10:40:01,22.2,0.0,49.7,,3.707,2,3.695,4,36,2,34,1,error,
2026-05-19 10:40:05,22.2,0.0,49.7,,3.706,2,3.695,4,36,2,34,1,error,
2026-05-19 10:40:08,22.2,0.0,49.7,,3.707,2,3.697,4,36,2,34,1,error,
2026-05-19 10:40:12,22.2,0.0,49.7,,3.706,2,3.695,4,36,2,34,1,error,
2026-05-19 10:40:15,22.2,0.0,49.7,,3.706,2,3.695,4,36,2,34,1,error,
2026-05-19 10:40:19,22.2,0.0,49.7,,3.706,2,3.695,4,36,2,34,1,error,
2026-05-19 10:40:22,22.2,0.0,49.7,,3.706,2,3.695,4,36,2,34,1,error,
2026-05-19 10:40:26,22.2,0.0,49.7,,3.706,2,3.695,4,36,2,34,1,error,
2026-05-19 10:40:29,22.2,0.0,49.7,,3.707,2,3.697,4,36,2,34,1,error,
2026-05-19 10:40:34,22.2,0.0,49.7,,3.706,2,3.695,4,36,2,34,1,error,
2026-05-19 10:40:38,22.2,0.0,49.7,,3.706,2,3.695,4,36,2,34,1,error,
2026-05-19 10:40:43,22.2,0.0,49.7,,3.706,2,3.695,4,36,2,34,1,error,
2026-05-19 10:40:48,22.2,0.0,49.7,,3.706,2,3.695,4,36,2,34,1,error,
2026-05-19 10:40:54,22.1,0.0,49.7,,3.706,2,3.695,4,36,2,34,1,error,
2026-05-19 10:40:58,22.2,0.0,49.7,,3.706,2,3.695,4,36,2,34,1,error,
2026-05-19 10:41:02,22.2,0.0,49.7,,3.706,2,3.695,4,36,2,34,1,error,
2026-05-19 10:41:07,22.2,0.0,49.7,,3.706,2,3.695,4,36,2,34,1,error,
2026-05-19 10:41:12,22.1,0.0,49.7,,3.707,2,3.695,4,36,2,34,1,error,
2026-05-19 10:41:17,22.2,0.0,49.7,,3.707,2,3.695,4,36,2,34,1,error,
2026-05-19 10:41:22,22.2,0.0,49.7,,3.706,2,3.695,4,36,2,34,1,error,
2026-05-19 10:41:27,22.2,0.0,49.7,,3.706,2,3.695,4,36,2,35,1,error,
2026-05-19 10:41:32,22.2,0.0,49.7,,3.706,2,3.694,4,36,2,35,1,error,
2026-05-19 10:41:36,22.2,0.0,49.7,,3.706,2,3.695,4,36,2,35,1,error,
2026-05-19 10:41:40,22.1,0.0,49.7,,3.706,2,3.695,4,36,2,35,1,error,
2026-05-19 10:41:44,22.2,0.0,49.7,,3.706,2,3.695,4,36,2,35,1,error,
2026-05-19 10:41:49,22.1,0.0,49.7,,3.706,2,3.694,4,36,2,35,1,error,
2026-05-19 10:41:53,22.2,0.0,49.7,,3.706,2,3.695,4,36,2,35,1,error,
2026-05-19 10:41:58,22.1,0.0,49.7,,3.706,2,3.695,4,36,2,35,1,error,
2026-05-19 10:42:02,22.1,0.0,49.7,,3.706,2,3.695,4,36,2,35,1,error,
2026-05-19 10:42:07,22.2,0.0,49.7,,3.706,2,3.694,4,36,2,35,1,error,
2026-05-19 10:42:11,22.2,0.0,49.7,,3.706,2,3.695,4,36,2,35,1,error,
2026-05-19 10:42:16,22.1,0.0,49.7,,3.706,2,3.695,4,36,2,35,1,error,
2026-05-19 10:42:21,22.1,0.0,49.7,,3.706,2,3.695,4,36,2,35,1,error,
2026-05-19 10:42:25,22.1,0.0,49.7,,3.706,2,3.695,4,36,2,35,1,error,
2026-05-19 10:42:29,22.2,0.0,49.7,,3.706,2,3.695,4,36,2,35,1,error,
2026-05-19 10:42:33,22.1,0.0,49.7,,3.706,2,3.695,4,36,2,35,1,error,
2026-05-19 10:42:37,22.2,0.0,49.7,,3.706,2,3.695,4,36,2,35,1,error,
2026-05-19 10:42:42,22.1,0.0,49.7,,3.706,2,3.695,4,36,2,35,1,error,
2026-05-19 10:42:46,22.1,0.0,49.7,,3.706,2,3.695,4,36,2,35,1,error,
2026-05-19 10:42:50,22.1,0.0,49.7,,3.706,2,3.695,4,36,2,35,1,error,
2026-05-19 10:42:54,22.1,0.0,49.7,,3.706,2,3.695,4,36,2,35,1,error,
2026-05-19 10:42:59,22.1,0.0,49.7,,3.706,2,3.695,4,36,2,35,1,error,
2026-05-19 10:43:03,22.1,0.0,49.7,,3.706,2,3.694,4,36,2,35,1,error,
2026-05-19 10:43:07,22.2,0.0,49.7,,3.706,2,3.695,4,36,2,35,1,error,
2026-05-19 10:43:12,22.1,0.0,49.7,,3.706,2,3.695,4,36,2,35,1,error,
2026-05-19 10:43:17,22.1,0.0,49.7,,3.706,2,3.695,4,36,2,35,1,error,
2026-05-19 10:43:21,22.1,0.0,49.7,,3.706,2,3.694,4,36,2,35,1,error,
2026-05-19 10:43:26,22.1,0.0,49.7,,3.706,2,3.695,4,36,2,35,1,error,
2026-05-19 10:43:30,22.1,0.0,49.7,,3.706,2,3.695,4,36,2,35,1,error,
2026-05-19 10:43:36,22.1,0.0,49.7,,3.706,2,3.695,4,36,2,35,1,error,
2026-05-19 10:43:40,22.1,0.0,49.7,,3.706,2,3.695,1,36,2,35,1,error,
2026-05-19 10:43:45,22.1,0.0,49.7,,3.706,2,3.695,4,36,2,35,1,error,
2026-05-19 10:43:49,22.1,0.0,49.7,,3.706,2,3.695,4,36,2,35,1,error,
2026-05-19 10:43:54,22.1,0.0,49.7,,3.706,2,3.695,4,36,2,35,1,error,
2026-05-19 10:43:59,22.1,0.0,49.7,,3.706,2,3.695,4,36,2,35,1,error,
2026-05-19 10:44:04,22.1,0.0,49.7,,3.706,2,3.695,4,36,2,35,1,error,
2026-05-19 10:44:08,22.1,0.0,49.7,,3.706,2,3.694,4,36,2,35,1,error,
2026-05-19 10:44:13,22.1,0.0,49.7,,3.706,2,3.695,4,36,2,35,1,error,
2026-05-19 10:44:18,22.1,0.0,49.7,,3.706,2,3.695,4,36,2,35,1,error,
2026-05-19 10:44:23,22.1,0.0,49.7,,3.706,2,3.695,4,36,2,35,1,error,
2026-05-19 10:44:27,22.1,0.0,49.7,,3.706,2,3.694,4,36,2,35,1,error,
2026-05-19 10:44:31,22.1,0.0,49.7,,3.704,2,3.695,1,36,2,35,1,error,
2026-05-19 10:44:35,22.1,0.0,49.7,,3.706,2,3.692,4,36,2,35,1,error,
2026-05-19 10:44:40,22.1,0.0,49.7,,3.706,2,3.694,4,36,2,35,1,error,
2026-05-19 10:44:44,22.1,0.0,49.7,,3.706,2,3.694,4,36,2,35,1,error,
2026-05-19 10:44:49,22.1,0.0,49.7,,3.706,2,3.694,4,36,2,35,1,error,
2026-05-19 10:44:53,22.1,0.0,49.7,,3.706,2,3.695,4,36,2,35,1,error,
2026-05-19 10:44:57,22.1,0.0,49.7,,3.706,2,3.694,4,36,2,35,1,error,
2026-05-19 10:45:01,22.1,0.0,49.7,,3.706,2,3.694,4,36,2,35,1,error,
2026-05-19 10:45:06,22.1,0.0,49.7,,3.706,2,3.695,4,36,2,35,1,error,
2026-05-19 10:45:11,22.1,0.0,49.7,,3.706,2,3.694,4,36,2,35,1,error,
2026-05-19 10:45:16,22.1,0.0,49.7,,3.704,2,3.694,1,36,2,35,1,error,
2026-05-19 10:45:20,22.1,0.0,49.7,,3.704,2,3.694,4,36,2,35,1,error,
2026-05-19 10:45:24,22.1,0.0,49.7,,3.706,2,3.695,4,36,2,35,1,error,
2026-05-19 10:45:28,22.1,0.0,49.7,,3.706,2,3.694,4,36,2,35,1,error,
2026-05-19 10:45:33,22.1,0.0,49.7,,3.704,2,3.694,1,36,2,35,1,error,
2026-05-19 10:45:38,22.1,0.0,49.7,,3.704,2,3.694,4,36,2,35,1,error,
2026-05-19 10:45:43,22.1,0.0,49.7,,3.706,2,3.694,4,36,2,35,1,error,
2026-05-19 10:45:48,22.1,0.0,49.7,,3.706,2,3.694,4,36,2,35,1,error,
2026-05-19 10:45:53,22.1,0.0,49.7,,3.706,2,3.694,4,36,2,35,1,error,
2026-05-19 10:45:58,22.1,0.0,49.7,,3.706,2,3.694,4,36,2,35,1,error,
2026-05-19 10:46:03,22.1,0.0,49.7,,3.704,2,3.694,1,36,2,35,1,error,
2026-05-19 10:46:07,22.1,0.0,49.7,,3.706,2,3.694,4,36,2,35,1,error,
2026-05-19 10:46:12,22.1,0.0,49.7,,3.706,2,3.695,4,36,2,35,1,error,
2026-05-19 10:46:16,22.1,0.0,49.7,,3.706,2,3.695,4,36,2,35,1,error,
2026-05-19 10:46:21,22.1,0.0,49.7,,3.706,2,3.694,4,36,2,35,1,error,
2026-05-19 10:46:26,22.1,0.0,49.7,,3.704,2,3.694,4,36,2,35,1,error,
2026-05-19 10:46:31,22.1,0.0,49.7,,3.704,2,3.694,4,36,2,35,1,error,
2026-05-19 10:46:36,22.1,0.0,49.7,,3.704,2,3.694,4,36,2,35,1,error,
2026-05-19 10:46:40,22.1,0.0,49.7,,3.706,2,3.694,4,36,2,35,1,error,
2026-05-19 10:46:44,22.1,0.0,49.7,,3.706,2,3.694,4,36,2,35,1,error,
2026-05-19 10:46:49,22.1,0.0,49.7,,3.704,2,3.694,4,36,2,35,1,error,
2026-05-19 10:46:53,22.1,0.0,49.7,,3.704,2,3.694,4,36,2,35,1,error,
2026-05-19 10:46:58,22.1,0.0,49.7,,3.704,2,3.694,4,36,2,35,1,error,
2026-05-19 10:47:04,22.1,0.0,49.7,,3.706,2,3.694,4,36,2,35,1,error,
2026-05-19 10:47:08,22.1,0.0,49.7,,3.704,2,3.694,1,36,2,35,1,error,
2026-05-19 10:47:13,22.1,0.0,49.7,,3.704,2,3.694,4,36,2,35,1,error,
2026-05-19 10:47:17,22.1,0.0,49.7,,3.704,2,3.694,4,36,2,35,1,error,
2026-05-19 10:47:21,22.1,0.0,49.7,,3.704,2,3.694,4,36,2,35,1,error,
2026-05-19 10:47:26,22.1,0.0,49.7,,3.704,2,3.694,4,36,2,35,1,error,
2026-05-19 10:47:30,22.1,0.0,49.7,,3.704,2,3.694,4,36,2,35,1,error,
2026-05-19 10:47:34,22.1,0.0,49.7,,3.704,2,3.694,4,36,2,35,1,error,
2026-05-19 10:47:39,22.1,0.0,49.7,,3.704,2,3.694,4,36,2,35,1,error,
2026-05-19 10:47:43,22.1,0.0,49.7,,3.704,2,3.694,4,36,2,35,1,error,
2026-05-19 10:47:48,22.1,0.0,49.7,,3.704,2,3.694,4,36,2,35,1,error,
2026-05-19 10:47:52,22.1,0.0,49.7,,3.704,2,3.694,4,36,2,35,1,error,
2026-05-19 10:47:57,22.1,0.0,49.7,,3.704,2,3.694,4,36,2,35,1,error,
2026-05-19 10:48:01,22.1,0.0,49.7,,3.704,2,3.694,4,36,2,35,1,error,
2026-05-19 10:48:06,22.1,0.0,49.7,,3.704,2,3.694,4,36,2,35,1,error,
2026-05-19 10:48:10,22.1,0.0,49.7,,3.704,2,3.694,4,36,2,35,1,error,
2026-05-19 10:48:15,22.1,0.0,49.7,,3.704,2,3.694,4,36,2,35,1,error,
2026-05-19 10:48:19,22.1,0.0,49.7,,3.704,2,3.694,4,36,2,35,1,error,
2026-05-19 10:48:25,22.1,0.0,49.7,,3.704,2,3.694,4,36,2,35,1,error,
2026-05-19 10:48:29,22.1,0.0,49.7,,3.704,2,3.694,4,36,2,35,1,error,
2026-05-19 10:48:34,22.1,0.0,49.7,,3.704,2,3.694,4,36,2,35,1,error,
2026-05-19 10:48:38,22.1,0.0,49.7,,3.704,2,3.694,4,36,2,35,1,error,
2026-05-19 10:48:43,22.1,0.0,49.7,,3.704,2,3.694,4,36,2,35,1,error,
2026-05-19 10:48:48,22.1,0.0,49.7,,3.704,2,3.694,4,36,2,35,1,error,
2026-05-19 10:48:52,22.1,0.0,49.7,,3.704,2,3.694,4,36,2,35,1,error,
2026-05-19 10:48:57,22.1,0.0,49.7,,3.704,2,3.694,4,36,2,35,1,error,
2026-05-19 10:49:01,22.1,0.0,49.7,,3.704,2,3.694,4,36,2,35,1,error,
2026-05-19 10:49:06,22.1,0.0,49.7,,3.704,2,3.694,4,36,2,35,1,error,
2026-05-19 10:49:10,22.1,0.0,49.7,,3.704,2,3.694,4,36,2,35,1,error,
2026-05-19 10:49:15,22.1,0.0,49.7,,3.704,2,3.694,4,36,2,35,1,error,
2026-05-19 10:49:20,22.1,0.0,49.7,,3.704,2,3.694,4,36,2,35,1,error,
2026-05-19 10:49:25,22.1,0.0,49.7,,3.704,2,3.694,4,36,2,35,1,error,
2026-05-19 10:49:29,22.1,0.0,49.7,,3.704,2,3.694,4,36,2,35,1,error,
2026-05-19 10:49:34,22.1,0.0,49.7,,3.704,2,3.694,4,36,2,35,1,error,
2026-05-19 10:49:39,22.1,0.0,49.7,,3.704,2,3.694,4,36,2,35,1,error,
2026-05-19 10:49:44,22.1,0.0,49.7,,3.704,2,3.694,4,36,2,35,1,error,
2026-05-19 10:49:49,22.1,0.0,49.7,,3.704,2,3.694,4,36,2,35,1,error,
2026-05-19 10:49:54,22.1,0.0,49.7,,3.704,2,3.694,4,36,2,35,1,error,
2026-05-19 10:49:58,22.1,0.0,49.7,,3.703,2,3.694,4,36,2,35,1,error,
2026-05-19 10:50:03,22.1,0.0,49.7,,3.704,2,3.694,4,36,2,35,1,error,
2026-05-19 10:50:08,22.1,0.0,49.7,,3.704,2,3.694,4,36,2,35,1,error,
2026-05-19 10:50:12,22.1,0.0,49.7,,3.704,2,3.694,4,36,2,35,1,error,
2026-05-19 10:50:17,22.1,0.0,49.7,,3.704,2,3.694,4,36,2,35,1,error,
2026-05-19 10:50:21,22.1,0.0,49.7,,3.704,2,3.694,4,36,2,35,1,error,
2026-05-19 10:50:26,22.1,0.0,49.7,,3.704,2,3.694,4,36,2,35,1,error,
2026-05-19 10:50:31,22.1,0.0,49.7,,3.704,2,3.694,4,36,2,35,1,error,
2026-05-19 10:50:35,22.1,0.0,49.7,,3.704,2,3.694,4,36,2,35,1,error,
2026-05-19 10:50:40,22.1,0.0,49.7,,3.704,2,3.692,4,36,2,35,1,error,
2026-05-19 10:50:45,22.1,0.0,49.7,,3.704,2,3.694,4,36,2,35,1,error,
2026-05-19 10:50:50,22.1,0.0,49.7,,3.704,2,3.694,4,36,2,35,1,error,
2026-05-19 10:50:55,22.1,0.0,49.7,,3.704,2,3.692,4,36,2,35,1,error,
2026-05-19 10:51:00,22.1,0.0,49.7,,3.704,2,3.694,4,36,2,35,1,error,
2026-05-19 10:51:03,22.1,0.0,49.7,,3.704,2,3.692,4,36,2,35,1,error,
2026-05-19 10:51:08,22.1,0.0,49.7,,3.704,2,3.692,4,36,2,35,1,error,
2026-05-19 10:51:12,22.1,0.0,49.7,,3.704,2,3.694,4,36,2,34,1,error,
2026-05-19 10:51:17,22.1,0.0,49.7,,3.704,2,3.692,4,36,2,34,1,error,
2026-05-19 10:51:21,22.1,0.0,49.7,,3.704,2,3.694,4,36,2,34,1,error,
2026-05-19 10:51:26,22.1,0.0,49.7,,3.704,2,3.692,4,36,2,34,1,error,
2026-05-19 10:51:30,22.1,0.0,49.7,,3.704,2,3.694,4,36,2,34,1,error,
2026-05-19 10:51:35,22.1,0.0,49.7,,3.704,2,3.692,4,36,2,34,1,error,
2026-05-19 10:51:39,22.1,0.0,49.7,,3.704,2,3.694,4,36,2,34,1,error,
2026-05-19 10:51:43,22.1,0.0,49.7,,3.704,2,3.692,4,36,2,34,1,error,
2026-05-19 10:51:47,22.1,0.0,49.7,,3.704,2,3.694,4,36,2,34,1,error,
2026-05-19 10:51:51,22.1,0.0,49.7,,3.704,2,3.692,4,36,2,34,1,error,
2026-05-19 10:51:55,22.1,0.0,49.7,,3.703,2,3.694,4,36,2,34,1,error,
2026-05-19 10:52:00,22.1,0.0,49.7,,3.704,2,3.694,4,36,2,34,1,error,
2026-05-19 10:52:03,22.1,0.0,49.7,,3.703,2,3.692,4,36,2,34,1,error,
2026-05-19 10:52:08,22.1,0.0,49.7,,3.704,2,3.692,4,36,2,34,1,error,
2026-05-19 10:52:13,22.1,0.0,49.7,,3.704,2,3.692,4,36,2,34,1,error,
2026-05-19 10:52:16,22.1,0.0,49.7,,3.703,2,3.692,4,36,2,34,1,error,
2026-05-19 10:52:21,22.1,0.0,49.7,,3.704,2,3.692,4,36,2,34,1,error,
2026-05-19 10:52:26,22.1,0.0,49.7,,3.703,2,3.692,4,36,2,34,1,error,
2026-05-19 10:52:29,22.1,0.0,49.7,,3.704,2,3.692,4,36,2,34,1,error,
2026-05-19 10:52:34,22.1,0.0,49.7,,3.704,2,3.692,4,36,2,34,1,error,
2026-05-19 10:52:38,22.1,0.0,49.7,,3.704,2,3.692,4,36,2,34,1,error,
2026-05-19 10:52:43,22.1,0.0,49.7,,3.703,2,3.692,4,36,2,34,1,error,
2026-05-19 10:52:47,22.1,0.0,49.7,,3.703,2,3.692,4,36,2,34,1,error,
2026-05-19 10:52:52,22.1,0.0,49.7,,3.704,2,3.692,4,36,2,34,1,error,
2026-05-19 10:52:57,22.1,0.0,49.7,,3.703,2,3.692,4,36,2,34,1,error,
2026-05-19 10:53:02,22.1,0.0,49.7,,3.703,2,3.692,4,36,2,34,1,error,
2026-05-19 10:53:07,22.1,0.0,49.7,,3.703,2,3.692,4,36,2,34,1,error,
2026-05-19 10:53:12,22.1,0.0,49.7,,3.703,2,3.694,4,36,2,34,1,error,
2026-05-19 10:53:17,22.1,0.0,49.7,,3.703,2,3.692,4,36,2,34,1,error,
2026-05-19 10:53:21,22.1,0.0,49.7,,3.703,2,3.692,4,36,2,34,1,error,
2026-05-19 10:53:26,22.1,0.0,49.7,,3.703,2,3.692,4,36,2,34,1,error,
2026-05-19 10:53:30,22.1,0.0,49.7,,3.703,2,3.692,4,36,2,34,1,error,
2026-05-19 10:53:35,22.1,0.0,49.7,,3.703,2,3.692,4,36,2,34,1,error,
2026-05-19 10:53:39,22.1,0.0,49.7,,3.703,2,3.692,4,36,2,34,1,error,
2026-05-19 10:53:44,22.1,0.0,49.7,,3.703,2,3.692,4,36,2,34,1,error,
2026-05-19 10:53:48,22.1,0.0,49.7,,3.703,2,3.694,4,36,2,34,1,error,
2026-05-19 10:53:53,22.1,0.0,49.7,,3.703,2,3.692,4,36,2,34,1,error,
2026-05-19 10:53:58,22.1,0.0,49.7,,3.703,2,3.692,4,36,2,34,1,error,
2026-05-19 10:54:02,22.1,0.0,49.7,,3.703,2,3.692,4,36,2,34,1,error,
2026-05-19 10:54:07,22.1,0.0,49.7,,3.703,2,3.692,4,36,2,34,1,error,
2026-05-19 10:54:11,22.1,0.0,49.7,,3.703,2,3.692,4,36,2,34,1,error,
2026-05-19 10:54:15,22.1,0.0,49.7,,3.703,2,3.692,4,36,2,34,1,error,
2026-05-19 10:54:19,22.1,0.0,49.7,,3.703,2,3.692,4,36,2,34,1,error,
2026-05-19 10:54:24,22.1,0.0,49.7,,3.703,2,3.692,4,36,2,34,1,error,
2026-05-19 10:54:29,22.1,0.0,49.7,,3.703,2,3.692,4,36,2,34,1,error,
2026-05-19 10:54:33,22.1,0.0,49.7,,3.703,2,3.692,4,36,2,34,1,error,
2026-05-19 10:54:37,22.1,0.0,49.7,,3.703,2,3.692,4,36,2,34,1,error,
2026-05-19 10:54:41,22.1,0.0,49.7,,3.703,2,3.692,4,36,2,34,1,error,
2026-05-19 10:54:46,22.1,0.0,49.7,,3.703,2,3.692,4,36,2,34,1,error,
2026-05-19 10:54:51,22.1,0.0,49.7,,3.703,2,3.692,4,36,2,34,1,error,
2026-05-19 10:54:54,22.1,0.0,49.7,,3.703,2,3.692,4,36,2,34,1,error,
2026-05-19 10:54:58,22.1,0.0,49.7,,3.703,2,3.692,4,36,2,34,1,error,
2026-05-19 10:55:03,22.1,0.0,49.7,,3.703,2,3.692,4,36,2,34,1,error,
2026-05-19 10:55:07,22.1,0.0,49.7,,3.703,2,3.692,4,36,2,34,1,error,
2026-05-19 10:55:11,22.1,0.0,49.7,,3.703,2,3.692,4,36,2,34,1,error,
2026-05-19 10:55:15,22.1,0.0,49.7,,3.703,2,3.692,4,36,2,34,1,error,
2026-05-19 10:55:20,22.1,0.0,49.7,,3.703,2,3.692,4,36,2,34,1,error,
2026-05-19 10:55:25,22.1,0.0,49.7,,3.703,2,3.692,4,36,2,34,1,error,
2026-05-19 10:55:29,22.1,0.0,49.7,,3.703,2,3.692,4,36,2,34,1,error,
2026-05-19 10:55:33,22.1,0.0,49.7,,3.703,2,3.691,4,36,2,34,1,error,
2026-05-19 10:55:37,22.1,0.0,49.7,,3.703,2,3.692,4,36,2,34,1,error,
2026-05-19 10:55:42,22.1,0.0,49.7,,3.703,2,3.692,4,36,2,34,1,error,
2026-05-19 10:55:46,22.1,0.0,49.7,,3.703,2,3.692,4,36,2,34,1,error,
2026-05-19 10:55:50,22.1,0.0,49.7,,3.703,2,3.692,4,36,2,34,1,error,
2026-05-19 10:55:54,22.1,0.0,49.7,,3.703,2,3.691,4,36,2,34,1,error,
2026-05-19 10:55:59,22.1,0.0,49.7,,3.703,2,3.692,4,36,2,34,1,error,
2026-05-19 10:56:03,22.1,0.0,49.7,,3.703,2,3.692,4,36,2,34,1,error,
2026-05-19 10:56:08,22.1,0.0,49.7,,3.703,2,3.692,4,36,2,34,1,error,
2026-05-19 10:56:12,22.1,0.0,49.7,,3.703,2,3.692,4,36,2,34,1,error,
2026-05-19 10:56:17,22.1,0.0,49.7,,3.703,2,3.692,4,36,2,34,1,error,
2026-05-19 10:56:20,22.1,0.0,49.7,,3.703,2,3.692,4,36,2,34,1,error,
2026-05-19 10:56:24,22.1,0.0,49.7,,3.703,2,3.692,4,36,2,34,1,error,
2026-05-19 10:56:29,22.1,0.0,49.7,,3.703,2,3.692,4,36,2,34,1,error,
2026-05-19 10:56:34,22.1,0.0,49.7,,3.703,2,3.692,4,36,2,34,1,error,
2026-05-19 10:56:38,22.1,0.0,49.7,,3.703,2,3.692,4,36,2,34,1,error,
2026-05-19 10:56:42,22.1,0.0,49.7,,3.703,2,3.692,4,36,2,34,1,error,
2026-05-19 10:56:46,22.1,0.0,49.7,,3.703,2,3.692,4,36,2,34,1,error,
2026-05-19 10:56:51,22.1,0.0,49.7,,3.703,2,3.691,4,36,2,34,1,error,
2026-05-19 10:56:55,22.1,0.0,49.7,,3.703,2,3.692,4,36,2,34,1,error,
2026-05-19 10:56:59,22.1,0.0,49.7,,3.703,2,3.692,4,36,2,34,1,error,
2026-05-19 10:57:03,22.1,0.0,49.7,,3.703,2,3.691,4,36,2,34,1,error,
2026-05-19 10:57:07,22.1,0.0,49.7,,3.703,2,3.691,4,36,2,34,1,error,
2026-05-19 10:57:11,22.1,0.0,49.7,,3.701,2,3.692,1,36,2,34,1,error,
2026-05-19 10:57:16,22.1,0.0,49.7,,3.703,2,3.692,4,36,2,34,1,error,
2026-05-19 10:57:19,22.1,0.0,49.7,,3.703,2,3.692,4,36,2,34,1,error,
2026-05-19 10:57:22,22.1,0.0,49.7,,3.703,2,3.692,4,36,2,34,1,error,
2026-05-19 10:57:26,22.1,0.0,49.7,,3.703,2,3.692,4,36,2,34,1,error,
2026-05-19 10:57:29,22.1,0.0,49.7,,3.703,2,3.692,4,36,2,34,1,error,
2026-05-19 10:57:32,22.1,0.0,49.7,,3.703,2,3.691,4,36,2,34,1,error,
2026-05-19 10:57:35,22.1,0.0,49.7,,3.703,2,3.692,4,36,2,34,1,error,
2026-05-19 10:57:39,22.1,0.0,49.7,,3.703,2,3.692,4,36,2,34,1,error,
2026-05-19 10:57:42,22.1,0.0,49.7,,3.703,2,3.692,4,36,2,34,1,error,
2026-05-19 10:57:45,22.1,0.0,49.7,,3.703,2,3.691,4,36,2,34,1,error,
2026-05-19 10:57:48,22.1,0.0,49.7,,3.703,2,3.692,4,36,2,34,1,error,
2026-05-19 10:57:52,22.1,0.0,49.7,,3.703,2,3.692,4,36,2,34,1,error,
2026-05-19 10:57:55,22.1,0.0,49.7,,3.703,2,3.692,4,36,2,34,1,error,
2026-05-19 10:57:58,22.1,0.0,49.7,,3.701,2,3.692,4,36,2,34,1,error,
2026-05-19 10:58:01,22.1,0.0,49.7,,3.703,2,3.692,4,36,2,34,1,error,
2026-05-19 10:58:04,22.1,0.0,49.7,,3.703,2,3.691,4,36,2,34,1,error,
2026-05-19 10:58:08,22.1,0.0,49.7,,3.703,2,3.692,4,36,2,34,1,error,
2026-05-19 10:58:11,22.1,0.0,49.7,,3.703,2,3.692,4,36,2,34,1,error,
2026-05-19 10:58:14,22.1,0.0,49.7,,3.703,2,3.692,4,36,2,34,1,error,
2026-05-19 10:58:18,22.1,0.0,49.7,,3.703,2,3.692,4,36,2,34,1,error,
2026-05-19 10:58:21,22.1,0.0,49.7,,3.703,2,3.691,4,36,2,34,1,error,
2026-05-19 10:58:24,22.1,0.0,49.7,,3.703,2,3.691,4,36,2,34,1,error,
2026-05-19 10:58:27,22.1,0.0,49.7,,3.703,2,3.691,4,36,2,34,1,error,
2026-05-19 10:58:31,22.1,0.0,49.7,,3.703,2,3.691,4,36,2,34,1,error,
2026-05-19 10:58:34,22.1,0.0,49.7,,3.703,2,3.692,4,36,2,34,1,error,
2026-05-19 10:58:37,22.1,0.0,49.7,,3.703,2,3.691,4,36,2,34,1,error,
2026-05-19 10:58:40,22.1,0.0,49.7,,3.703,2,3.692,4,36,2,34,1,error,
2026-05-19 10:58:44,22.1,0.0,49.7,,3.703,2,3.691,4,36,2,34,1,error,
2026-05-19 10:58:47,22.1,0.0,49.7,,3.703,2,3.692,4,36,2,34,1,error,
2026-05-19 10:58:50,22.1,0.0,49.7,,3.701,2,3.691,4,36,2,34,1,error,
2026-05-19 10:58:54,22.1,0.0,49.7,,3.703,2,3.692,4,36,2,34,1,error,
2026-05-19 10:58:57,22.1,0.0,49.7,,3.701,2,3.691,4,36,2,34,1,error,
2026-05-19 10:59:00,22.1,0.0,49.7,,3.703,2,3.691,4,36,2,34,1,error,
2026-05-19 10:59:03,22.1,0.0,49.7,,3.703,2,3.692,4,36,2,34,1,error,
2026-05-19 10:59:07,22.1,0.0,49.7,,3.701,2,3.691,4,36,2,34,1,error,
2026-05-19 10:59:10,22.1,0.0,49.7,,3.703,2,3.691,4,36,2,34,1,error,
2026-05-19 10:59:13,22.1,0.0,49.7,,3.703,2,3.692,4,36,2,34,1,error,
2026-05-19 10:59:16,22.1,0.0,49.7,,3.701,2,3.691,4,36,2,34,1,error,
2026-05-19 10:59:20,22.1,0.0,49.7,,3.701,2,3.691,4,36,2,34,1,error,
2026-05-19 10:59:23,22.1,0.0,49.7,,3.703,2,3.691,4,36,2,34,1,error,
2026-05-19 10:59:26,22.1,0.0,49.7,,3.701,2,3.691,4,36,2,34,1,error,
2026-05-19 10:59:29,22.1,0.0,49.7,,3.703,2,3.691,4,36,2,34,1,error,
2026-05-19 10:59:33,22.1,0.0,49.7,,3.701,2,3.692,4,36,2,34,1,error,
2026-05-19 10:59:36,22.1,0.0,49.7,,3.703,2,3.691,4,36,2,34,1,error,
2026-05-19 10:59:39,22.1,0.0,49.7,,3.703,2,3.692,4,36,2,34,1,error,
2026-05-19 10:59:43,22.1,0.0,49.7,,3.703,2,3.692,4,36,2,34,1,error,
2026-05-19 10:59:46,22.1,0.0,49.7,,3.701,2,3.691,4,36,2,34,1,error,
2026-05-19 10:59:49,22.1,0.0,49.7,,3.701,2,3.691,4,36,2,34,1,error,
2026-05-19 10:59:52,22.1,0.0,49.7,,3.701,2,3.691,4,36,2,34,1,error,
2026-05-19 10:59:55,22.1,0.0,49.7,,3.701,2,3.691,4,36,2,34,1,error,
2026-05-19 10:59:59,22.1,0.0,49.7,,3.701,2,3.691,4,36,2,34,1,error,
2026-05-19 11:00:02,22.1,0.0,49.7,,3.701,2,3.691,4,36,2,34,1,error,
2026-05-19 11:00:05,22.1,0.0,49.7,,3.701,2,3.691,4,36,2,34,1,error,
2026-05-19 11:00:08,22.1,0.0,49.7,,3.701,2,3.691,4,36,2,34,1,error,
2026-05-19 11:00:11,22.1,0.0,49.7,,3.701,2,3.692,4,36,2,34,1,error,
2026-05-19 11:00:15,22.1,0.0,49.7,,3.701,2,3.691,4,36,2,34,1,error,
2026-05-19 11:00:18,22.1,0.0,49.7,,3.701,2,3.691,4,36,2,34,1,error,
2026-05-19 11:00:21,22.1,0.0,49.7,,3.701,2,3.691,4,36,2,34,1,error,
2026-05-19 11:00:24,22.1,0.0,49.7,,3.701,2,3.691,4,36,2,34,1,error,
2026-05-19 11:00:28,22.1,0.0,49.7,,3.701,2,3.691,4,36,2,34,1,error,
2026-05-19 11:02:21,22.1,0.0,49.7,,3.701,2,3.691,4,36,2,34,1,error,
2026-05-19 11:02:24,22.1,0.0,49.7,,3.701,2,3.691,4,36,2,34,1,error,
2026-05-19 11:04:27,22.1,0.0,49.7,,3.701,2,3.691,4,36,2,34,1,error,
2026-05-19 11:04:30,22.1,0.0,49.7,,3.701,2,3.691,4,36,2,34,1,error,
2026-05-19 11:04:46,22.1,0.0,49.7,,3.701,2,3.691,4,36,2,34,1,error,
2026-05-19 11:04:51,22.1,0.0,49.7,,3.701,2,3.691,4,36,2,34,1,error,
2026-05-19 11:04:54,22.1,0.0,49.7,,3.701,2,3.688,4,36,2,34,1,error,
2026-05-19 11:04:57,22.1,0.0,49.7,,3.701,2,3.691,4,36,2,34,1,error,
2026-05-19 11:05:00,22.1,0.0,49.7,,3.701,2,3.691,4,36,2,34,1,error,
2026-05-19 11:05:03,22.1,0.0,49.7,,3.701,2,3.691,4,36,2,34,1,error,
2026-05-19 11:05:06,22.1,0.0,49.7,,3.701,2,3.691,4,36,2,34,1,error,
2026-05-19 11:05:09,22.1,0.0,49.7,,3.701,2,3.688,4,36,2,34,1,error,
2026-05-19 11:05:12,22.1,0.0,49.7,,3.701,2,3.691,4,36,2,34,1,error,
2026-05-19 11:05:15,22.1,0.0,49.7,,3.701,2,3.691,4,36,2,34,1,error,
2026-05-19 11:05:18,22.1,0.0,49.7,,3.7,2,3.688,4,36,2,34,1,error,
2026-05-19 11:05:21,22.1,0.0,49.7,,3.701,2,3.691,4,36,2,34,1,error,
2026-05-19 11:05:24,22.1,0.0,49.7,,3.701,2,3.691,4,36,2,34,1,error,
2026-05-19 11:05:27,22.1,0.0,49.7,,3.701,2,3.691,4,36,2,34,1,error,
2026-05-19 11:05:30,22.1,0.0,49.7,,3.701,2,3.691,4,36,2,34,1,error,
2026-05-19 11:05:33,22.1,0.0,49.7,,3.701,2,3.691,4,36,2,34,1,error,
2026-05-19 11:05:36,22.1,0.0,49.7,,3.701,2,3.691,4,36,2,34,1,error,
2026-05-19 11:05:39,22.1,0.0,49.7,,3.701,2,3.688,4,36,2,34,1,error,
2026-05-19 11:05:42,22.1,0.0,49.7,,3.7,2,3.691,4,36,2,34,1,error,
2026-05-19 11:05:45,22.1,0.0,49.7,,3.701,2,3.688,4,36,2,34,1,error,
2026-05-19 11:05:48,22.1,0.0,49.7,,3.701,2,3.688,4,36,2,34,1,error,
2026-05-19 11:05:51,22.1,0.0,49.7,,3.701,2,3.691,4,36,2,34,1,error,
2026-05-19 11:05:54,22.1,0.0,49.7,,3.701,2,3.688,4,36,2,34,1,error,
2026-05-19 11:05:57,22.1,0.0,49.7,,3.7,2,3.688,4,36,2,34,1,error,
2026-05-19 11:06:00,22.1,0.0,49.7,,3.7,2,3.689,4,36,2,34,1,error,
2026-05-19 11:06:03,22.1,0.0,49.7,,3.701,2,3.691,4,36,2,34,1,error,
2026-05-19 11:06:06,22.1,0.0,49.7,,3.7,2,3.688,4,36,2,34,1,error,
2026-05-19 11:06:09,22.1,0.0,49.7,,3.7,2,3.688,4,36,2,34,1,error,
2026-05-19 11:06:12,22.1,0.0,49.7,,3.701,2,3.688,4,36,2,34,1,error,
2026-05-19 11:06:15,22.1,0.0,49.7,,3.701,2,3.688,4,36,2,34,1,error,
2026-05-19 11:06:18,22.1,0.0,49.7,,3.701,2,3.691,4,36,2,34,1,error,
2026-05-19 11:06:21,22.1,0.0,49.7,,3.7,2,3.689,4,36,2,34,1,error,
2026-05-19 11:06:24,22.1,0.0,49.7,,3.701,2,3.688,4,36,2,34,1,error,
2026-05-19 11:06:27,22.1,0.0,49.7,,3.701,2,3.688,4,36,2,34,1,error,
2026-05-19 11:06:30,22.1,0.0,49.7,,3.701,2,3.688,4,36,2,34,1,error,
2026-05-19 11:06:33,22.1,0.0,49.7,,3.701,2,3.688,4,36,2,34,1,error,
2026-05-19 11:06:36,22.1,0.0,49.7,,3.701,2,3.688,4,36,2,34,1,error,
2026-05-19 11:06:39,22.1,0.0,49.7,,3.701,2,3.689,4,36,2,34,1,error,
2026-05-19 11:06:42,22.1,0.0,49.7,,3.701,2,3.688,4,36,2,34,1,error,
2026-05-19 11:06:45,22.1,0.0,49.7,,3.7,2,3.688,4,36,2,34,1,error,
2026-05-19 11:06:48,22.1,0.0,49.7,,3.701,2,3.688,4,36,2,34,1,error,
2026-05-19 11:06:51,22.1,0.0,49.7,,3.7,2,3.688,4,36,2,34,1,error,
2026-05-19 11:06:54,22.1,0.0,49.7,,3.701,2,3.688,4,36,2,34,1,error,
2026-05-19 11:06:57,22.1,0.0,49.7,,3.7,2,3.691,4,36,2,34,1,error,
2026-05-19 11:07:00,22.1,0.0,49.7,,3.7,2,3.688,4,36,2,34,1,error,
2026-05-19 11:07:03,22.1,0.0,49.7,,3.7,2,3.688,4,36,2,34,1,error,
2026-05-19 11:07:06,22.1,0.0,49.7,,3.7,2,3.691,4,36,2,34,1,error,
2026-05-19 11:07:09,22.1,0.0,49.7,,3.7,2,3.688,4,36,2,34,1,error,
2026-05-19 11:07:12,22.1,0.0,49.7,,3.7,2,3.688,4,36,2,34,1,error,
2026-05-19 11:07:15,22.1,0.0,49.7,,3.7,2,3.688,4,36,2,34,1,error,
2026-05-19 11:07:18,22.1,0.0,49.7,,3.7,2,3.688,4,36,2,34,1,error,
